id,name,distance,workout_time_sec,total_elevation_gain,workout_type,start_date,achievement_count,athlete_count,start_latlng,end_latlng,average_speed,max_speed,average_temp,average_heartrate,max_heartrate,average_cadence,elev_high,elev_low,aprox_calories_burned,workout_time_min
8771323929,Afternoon Workout,0,1399,0,Functional-Cardio Workout,2023-03-24,0,1,[],[],0,0,34,143.7,171,NaN,NaN,NaN,316,23.32
8766877503,Evening Workout,0,2299,0,Functional-Cardio Workout,2023-03-23,0,1,[],[],0,0,34,133.5,171,NaN,NaN,NaN,460,38.32
8760859967,Afternoon Workout,0,1745,0,Functional-Cardio Workout,2023-03-22,0,1,[],[],0,0,34,152,184,NaN,NaN,NaN,431,29.08
8749434921,Afternoon Workout,0,3337,0,Functional-Cardio Workout,2023-03-20,0,1,[],[],0,0,24,141.3,184,NaN,NaN,NaN,734,55.62
8726475508,Afternoon Workout,0,1303,0,Functional-Cardio Workout,2023-03-16,0,1,[],[],0,0,29,139.6,165,NaN,NaN,NaN,281,21.72
8721204362,Afternoon Workout,0,2044,0,Functional-Cardio Workout,2023-03-15,0,1,[],[],0,0,30,132.2,170,NaN,NaN,NaN,403,34.07
8715744482,Afternoon Mountain Bike Ride,19.84,5718,260,MountainBikeRide,2023-03-14,22,1,"[30.40146061219275, -97.68447660841048]","[30.40148257277906, -97.68487382680178]",3.962,9.644,22,117.6,144,NaN,224,195.6,917,95.3
8710745438,Afternoon Workout,0,2790,0,Functional-Cardio Workout,2023-03-13,0,1,[],[],0,0,27,127.2,163,NaN,NaN,NaN,515,46.5
8698197610,Lunch Workout,0,1878,0,Functional-Cardio Workout,2023-03-11,0,1,[],[],0,0,29,144.2,173,NaN,NaN,NaN,427,31.3
8693453841,Afternoon Hike,8.78,11193,452,Hike,2023-03-10,6,1,"[30.27608041651547, -97.8236420173198]","[30.27573642320931, -97.8233901411295]",1.081,2.262,30,113.7,152,51.9,275.8,181.6,1685,186.55
8688907431,Afternoon Mountain Bike Ride,13.48,4504,160,MountainBikeRide,2023-03-09,16,1,"[30.401425156742334, -97.68480601720512]","[30.40150453336537, -97.68491330556571]",3.629,7.426,29,125.9,156,NaN,215.6,188.8,816,75.07
8683360176,Afternoon Workout,0,6429,0,Functional-Cardio Workout,2023-03-08,0,1,[],[],0,0,29,106.7,158,NaN,NaN,NaN,855,107.15
8677673116,Afternoon Workout,0,2910,0,Functional-Cardio Workout,2023-03-07,0,1,[],[],0,0,31,127.2,158,NaN,NaN,NaN,537,48.5
8672944578,Evening Walk,6.29,6739,43,Walk,2023-03-07,0,1,"[30.38993197493255, -97.73823511786759]","[30.389002170413733, -97.73581366986036]",1.103,1.947,27,82.1,98,50.2,265,244.4,479,112.32
8672611987,Afternoon Ride,0,2875,0,Ride,2023-03-06,0,1,[],[],0,0,30,80.8,91,NaN,NaN,NaN,195,47.92
8655132144,Afternoon Workout,0,2255,0,Functional-Cardio Workout,2023-03-03,0,1,[],[],0,0,28,140.6,173,NaN,NaN,NaN,492,37.58
8650266138,Afternoon Workout,0,3473,0,Functional-Cardio Workout,2023-03-02,0,1,[],[],0,0,29,146.1,181,NaN,NaN,NaN,806,57.88
8644587607,Afternoon Workout,0,2214,0,Functional-Cardio Workout,2023-03-01,0,1,[],[],0,0,30,148.2,177,NaN,NaN,NaN,525,36.9
8639260773,Afternoon Mountain Bike Ride,12.71,3200,169,MountainBikeRide,2023-02-28,11,1,"[30.401550130918622, -97.6859537512064]","[30.401377798989415, -97.68642079085112]",4.303,9.694,28,128.1,157,NaN,270.6,244.2,597,53.33
8633145882,Afternoon Run,6.09,2370,59,Run,2023-02-27,3,1,"[30.38898054510355, -97.73563295602798]","[30.388930588960648, -97.73604970425367]",2.802,5.188,28,156,169,84.8,266.4,239.4,609,39.5
8611884034,Afternoon Workout,0,386,0,Functional-Cardio Workout,2023-02-23,0,1,[],[],0,0,31,77.3,84,NaN,NaN,NaN,23,6.43
8606708676,Afternoon Workout,0,2125,0,Functional-Cardio Workout,2023-02-22,0,1,[],[],0,0,31,135.2,167,NaN,NaN,NaN,435,35.42
8600932618,Afternoon Workout,0,996,0,Functional-Cardio Workout,2023-02-21,0,1,[],[],0,0,31,153.7,173,NaN,NaN,NaN,250,16.6
8600850460,Afternoon Mountain Bike Ride,14.01,4619,187,MountainBikeRide,2023-02-21,11,1,"[30.401328848674893, -97.68461868166924]","[30.40147377178073, -97.68483233638108]",3.725,8.325,31,133.2,166,NaN,219.8,190.2,922,76.98
8594917333,Weighted Run,6.08,2621,91,Run,2023-02-20,0,1,"[30.3889175131917, -97.73592129349709]","[30.38914575241506, -97.73582858964801]",2.324,3.717,31,158.2,174,83.9,262.8,239.4,688,43.68
8587870096,Morning Workout,0,1181,0,Functional-Cardio Workout,2023-02-19,0,1,[],[],0,0,24,141.1,171,NaN,NaN,NaN,259,19.68
8587667353,Weighted Run,6.13,2500,82,Run,2023-02-19,0,1,"[30.3885461948812, -97.73615305311978]","[30.38905682042241, -97.73590033873916]",2.455,4.272,17,145.4,167,84.4,265.4,241.8,575,41.67
8578513389,Afternoon Mountain Bike Ride,6.63,3566,103,MountainBikeRide,2023-02-17,5,1,"[30.401115361601114, -97.68433654680848]","[30.40118400938809, -97.68444433808327]",3.15,7.532,19,109,133,NaN,216.2,187.4,495,59.43
8573739485,Afternoon Run,5.02,2018,53,Run,2023-02-16,0,1,"[30.38702990859747, -97.73675520904362]","[30.388092482462525, -97.73673626594245]",2.835,4.323,16,150.9,166,86.3,273.6,241.6,492,33.63
8567397324,Afternoon Workout,0,2598,0,Functional-Cardio Workout,2023-02-15,0,1,[],[],0,0,30,140.8,186,NaN,NaN,NaN,568,43.3
8562727659,Afternoon Mountain Bike Ride,14.05,4750,190,MountainBikeRide,2023-02-14,17,1,"[30.401572259142995, -97.68538202159107]","[30.401220470666885, -97.68444484099746]",3.721,7.294,26,130.5,161,NaN,221.8,185.8,915,79.17
8556464236,Afternoon Workout,0,1848,0,Functional-Cardio Workout,2023-02-13,0,1,[],[],0,0,27,147.1,173,NaN,NaN,NaN,433,30.8
8545358774,Afternoon Mountain Bike Ride,12.48,4366,142,MountainBikeRide,2023-02-11,19,1,"[30.50565571524203, -97.78252819553018]","[30.505151879042387, -97.78260564431548]",3.686,9.408,21,117.6,150,NaN,281.8,247.6,700,72.77
8538434119,Morning Trail Run,6,5337,346,TrailRun,2023-02-10,12,1,"[30.27398812584579, -97.8255036380142]","[30.27507819235325, -97.82482428476214]",1.632,3.908,19,137.6,177,66.5,272,178.4,1124,88.95
8534745466,Afternoon Workout,0,3134,0,Functional-Cardio Workout,2023-02-09,0,1,[],[],0,0,26,136.8,189,NaN,NaN,NaN,654,52.23
8529443857,Afternoon Mountain Bike Ride,12.17,3424,158,MountainBikeRide,2023-02-08,10,1,"[30.401392970234156, -97.68446956761181]","[30.401418451219797, -97.68477592617273]",3.723,9.588,19,119.9,140,NaN,214.6,194.2,569,57.07
8522824035,Murphesk wod,0,3511,0,Functional-Cardio Workout,2023-02-07,0,1,[],[],0,0,26,141.2,169,NaN,NaN,NaN,771,58.52
8517243835,Afternoon Workout,0,1767,0,Functional-Cardio Workout,2023-02-06,0,1,[],[],0,0,26,141.5,168,NaN,NaN,NaN,389,29.45
8517243161,Afternoon Run,1.79,620,26,Run,2023-02-06,0,1,"[30.388433374464512, -97.73596270009875]","[30.388978281989694, -97.73583889938891]",2.89,4.312,27,152.9,170,88.8,264.8,241.4,154,10.33
8504441796,Morning Run,10.83,3988,57,Run,2023-02-04,29,1,"[30.272024665027857, -97.77181251905859]","[30.27291222475469, -97.77206514962018]",2.718,4.694,13,168.5,195,89,140.6,127,1149,66.47
8499814764,Afternoon Workout,0,2211,0,Functional-Cardio Workout,2023-02-03,0,1,[],[],0,0,24,128.3,171,NaN,NaN,NaN,414,36.85
8495754250,Afternoon Workout,0,1914,0,Functional-Cardio Workout,2023-02-02,0,1,[],[],0,0,23,149.3,174,NaN,NaN,NaN,459,31.9
8490538352,Afternoon Workout,0,2496,0,Functional-Cardio Workout,2023-02-01,0,1,[],[],0,0,22,145.7,179,NaN,NaN,NaN,576,41.6
8484883685,Afternoon Workout,0,1202,0,Functional-Cardio Workout,2023-01-31,0,1,[],[],0,0,13,126.3,150,NaN,NaN,NaN,219,20.03
8484745146,Afternoon Run,7.05,3325,77,Run,2023-01-31,1,1,"[30.38894919678569, -97.73566505871713]","[30.389071321114898, -97.73584795184433]",2.419,5.138,13,151.5,169,86,269.8,232.4,816,55.42
8479818986,Evening Workout,0,2556,0,Functional-Cardio Workout,2023-01-31,0,1,[],[],0,0,29,139.2,174,NaN,NaN,NaN,549,42.6
8465791898,Morning Workout,0,1498,0,Functional-Cardio Workout,2023-01-28,0,1,[],[],0,0,25,128.7,159,NaN,NaN,NaN,282,24.97
8461910392,Afternoon Workout,0,1908,0,Functional-Cardio Workout,2023-01-27,0,1,[],[],0,0,26,130.8,172,NaN,NaN,NaN,369,31.8
8457098599,Afternoon Workout,0,2169,0,Functional-Cardio Workout,2023-01-26,0,1,[],[],0,0,29,139.7,175,NaN,NaN,NaN,468,36.15
8452224343,Afternoon Ride,0,2033,0,Ride,2023-01-25,0,1,[],[],0,0,25,110.2,136,NaN,NaN,NaN,288,33.88
8446679630,Afternoon Workout,0,2980,0,Functional-Cardio Workout,2023-01-24,0,1,[],[],0,0,26,137.9,171,NaN,NaN,NaN,630,49.67
8439721111,Lunch Yoga,0,2238,0,Yoga,2023-01-23,0,1,[],[],0,0,29,86.3,115,NaN,NaN,NaN,183,37.3
8429193772,Morning Run 16km,16.04,6293,79,Run,2023-01-21,18,3,"[30.272718351334333, -97.77215827256441]","[30.2720845118165, -97.77277660556138]",2.681,3.579,18,156.5,181,87.4,146.6,131.4,1624,104.88
8424857940,Afternoon Workout,0,1894,0,Functional-Cardio Workout,2023-01-20,0,1,[],[],0,0,26,115.9,154,NaN,NaN,NaN,296,31.57
8419959787,Afternoon Workout,0,4662,0,Functional-Cardio Workout,2023-01-19,0,1,[],[],0,0,27,136.6,169,NaN,NaN,NaN,970,77.7
8415022100,Afternoon Trail Run,4.86,2384,92,TrailRun,2023-01-18,1,1,"[30.401208568364382, -97.68505973741412]","[30.40150218643248, -97.68484683707356]",2.227,3.646,23,146.5,161,84.1,219.8,186.6,555,39.73
8409055741,Afternoon Workout,0,4605,0,Functional-Cardio Workout,2023-01-17,0,1,[],[],0,0,29,150.2,179,NaN,NaN,NaN,1116,76.75
8403997888,Afternoon Workout,0,3689,0,Functional-Cardio Workout,2023-01-16,0,1,[],[],0,0,28,143,181,NaN,NaN,NaN,827,61.48
8398211855,Lunch Run,8.73,3453,90,Run,2023-01-15,14,2,"[30.26451171375811, -97.7555119805038]","[30.27265464887023, -97.77288523502648]",2.584,5.622,26,160.3,178,86.3,158.2,138,924,57.55
8397964746,Lunch Workout,0,879,0,Functional-Cardio Workout,2023-01-15,0,1,[],[],0,0,26,151.2,174,NaN,NaN,NaN,215,14.65
8387758742,Evening Workout,0,2009,0,Functional-Cardio Workout,2023-01-14,0,1,[],[],0,0,27,118.6,157,NaN,NaN,NaN,327,33.48
8382922540,~18hr Fasted Run,12.36,5396,130,Run,2023-01-12,1,1,"[30.38841954432428, -97.73617660626769]","[30.389121444895864, -97.73574041202664]",2.319,6.384,18,151.5,179,84.6,277,242.8,1325,89.93
8377330507,Afternoon Mountain Bike Ride,12.44,3745,169,MountainBikeRide,2023-01-11,11,1,"[30.401276042684913, -97.68454173579812]","[30.40142389945686, -97.68480065278709]",3.538,9.866,27,126.9,159,NaN,219,188.6,688,62.42
8371717528,Afternoon Workout,0,1561,0,Functional-Cardio Workout,2023-01-10,0,1,[],[],0,0,31,137.4,163,NaN,NaN,NaN,328,26.02
8366744076,Evening Workout,0,1894,0,Functional-Cardio Workout,2023-01-10,0,1,[],[],0,0,28,137.3,173,NaN,NaN,NaN,397,31.57
8361203713,Afternoon Workout,0,1961,0,Functional-Cardio Workout,2023-01-08,0,1,[],[],0,0,31,138.6,174,NaN,NaN,NaN,418,32.68
8349952043,Evening Workout,0,2900,0,Functional-Cardio Workout,2023-01-07,0,1,[],[],0,0,32,124.2,176,NaN,NaN,NaN,513,48.33
8345023058,Evening Workout,0,2108,0,Functional-Cardio Workout,2023-01-06,0,1,[],[],0,0,30,138.1,167,NaN,NaN,NaN,447,35.13
8339517521,Afternoon Workout,0,3172,0,Functional-Cardio Workout,2023-01-04,0,1,[],[],0,0,31,144.4,177,NaN,NaN,NaN,722,52.87
8334285682,Evening Run,4.62,1822,7,Run,2023-01-04,3,1,"[27.467130906879902, -99.506781315431]","[27.466954132542014, -99.50588897801936]",2.598,4.62,27,148.3,179,78.1,131.2,126.4,433,30.37
8329288562,Evening Workout,0,2722,0,Functional-Cardio Workout,2023-01-03,0,1,[],[],0,0,31,144.1,178,NaN,NaN,NaN,618,45.37
8323038910,Afternoon Workout,0,3234,0,Functional-Cardio Workout,2023-01-01,0,1,[],[],0,0,32,135.8,163,NaN,NaN,NaN,666,53.9
8318058695,Afternoon Workout,0,1636,0,Functional-Cardio Workout,2022-12-31,0,1,[],[],0,0,31,150.5,178,NaN,NaN,NaN,398,27.27
8314003228,Evening Workout,0,1653,0,Functional-Cardio Workout,2022-12-31,0,1,[],[],0,0,28,144.9,174,NaN,NaN,NaN,378,27.55
8304820435,Afternoon Workout,0,2404,0,Functional-Cardio Workout,2022-12-28,0,1,[],[],0,0,30,139,180,NaN,NaN,NaN,515,40.07
8300432096,Evening Workout,0,2191,0,Functional-Cardio Workout,2022-12-28,0,1,[],[],0,0,27,134.8,165,NaN,NaN,NaN,446,36.52
8290365391,Lunch Workout,0,2166,0,Functional-Cardio Workout,2022-12-25,0,1,[],[],0,0,26,111.2,141,NaN,NaN,NaN,312,36.1
8287265002,Lunch Workout,0,3148,0,Functional-Cardio Workout,2022-12-24,0,1,[],[],0,0,26,139.1,166,NaN,NaN,NaN,675,52.47
8283247244,Afternoon Workout,0,1913,0,Functional-Cardio Workout,2022-12-23,0,1,[],[],0,0,22,140.9,165,NaN,NaN,NaN,419,31.88
8280431309,Evening Workout,0,1830,0,Functional-Cardio Workout,2022-12-23,0,1,[],[],0,0,21,128.1,159,NaN,NaN,NaN,342,30.5
8276678772,Afternoon Workout,0,1856,0,Functional-Cardio Workout,2022-12-21,0,1,[],[],0,0,25,143.1,165,NaN,NaN,NaN,416,30.93
8272535392,Afternoon Workout,0,2428,0,Functional-Cardio Workout,2022-12-20,0,1,[],[],0,0,21,147.7,177,NaN,NaN,NaN,573,40.47
8272535301,Afternoon Workout,0,3111,0,Functional-Cardio Workout,2022-12-19,0,1,[],[],0,0,23,149.5,182,NaN,NaN,NaN,748,51.85
8264840790,Afternoon Workout,0,2229,0,Functional-Cardio Workout,2022-12-18,0,1,[],[],0,0,26,134.1,172,NaN,NaN,NaN,450,37.15
8264742904,Afternoon Trail Run,8.44,4268,155,TrailRun,2022-12-18,9,1,"[30.400486132130027, -97.68428089097142]","[30.40118602104485, -97.68481867387891]",2.318,4.24,21,152,171,83.6,218.8,191,1053,71.13
8256810166,Evening Workout,0,1694,0,Functional-Cardio Workout,2022-12-17,0,1,[],[],0,0,23,146.9,173,NaN,NaN,NaN,396,28.23
8253528404,Evening Workout,0,3077,0,Functional-Cardio Workout,2022-12-16,0,1,[],[],0,0,27,129.5,167,NaN,NaN,NaN,585,51.28
8245669298,Afternoon Workout,0,2821,0,Functional-Cardio Workout,2022-12-13,0,1,[],[],0,0,29,146.1,179,NaN,NaN,NaN,654,47.02
8241317810,Afternoon Run,7.47,3193,66,Run,2022-12-12,1,1,"[30.387883940711617, -97.73653937503695]","[30.389415733516216, -97.73564301431179]",2.585,4.158,26,154,172,84.3,264.6,240.6,804,53.22
8229088227,Afternoon Workout,0,2447,0,Functional-Cardio Workout,2022-12-09,0,1,[],[],0,0,31,143,166,NaN,NaN,NaN,548,40.78
8225784809,Evening Workout,0,2625,0,Functional-Cardio Workout,2022-12-09,0,1,[],[],0,0,31,138.2,167,NaN,NaN,NaN,557,43.75
8221018861,Afternoon Workout,0,1332,0,Functional-Cardio Workout,2022-12-07,0,1,[],[],0,0,29,136,168,NaN,NaN,NaN,275,22.2
8217650720,Night Run,0.56,203,4,Run,2022-12-07,0,1,"[30.272398246452212, -97.7562028169632]","[30.270382147282362, -97.75083303451538]",2.778,3.68,28,158.7,166,85.8,152.8,145.2,54,3.38
8217650717,Evening Run,9.95,8925,58,Run,2022-12-07,2,5,"[30.27467703446746, -97.7649144642055]","[30.272623552009463, -97.75826275348663]",2.551,6.445,28,161.5,182,85.5,222,204.6,2415,148.75
8212453296,Afternoon Workout,0,2635,0,Functional-Cardio Workout,2022-12-05,0,1,[],[],0,0,28,134.3,168,NaN,NaN,NaN,533,43.92
8208589520,Afternoon Workout,0,3661,0,Functional-Cardio Workout,2022-12-04,0,1,[],[],0,0,25,133.4,171,NaN,NaN,NaN,732,61.02
8203727142,Afternoon Workout,0,1714,0,Functional-Cardio Workout,2022-12-03,0,1,[],[],0,0,27,144.1,179,NaN,NaN,NaN,389,28.57
8203727133,Evening Workout,0,1716,0,Functional-Cardio Workout,2022-12-03,0,1,[],[],0,0,29,140.5,165,NaN,NaN,NaN,374,28.6
8203727114,Evening Run,1.26,440,3,Run,2022-12-03,0,1,"[27.465289318934083, -99.50124599039555]","[27.46771370060742, -99.5063288602978]",2.971,4.253,26,150.1,159,85.1,175,168.6,106,7.33
8191621998,Evening Workout,0,2008,0,Functional-Cardio Workout,2022-12-01,0,1,[],[],0,0,29,124.3,166,NaN,NaN,NaN,356,33.47
8187238246,Evening Workout,0,1942,0,Functional-Cardio Workout,2022-11-30,0,1,[],[],0,0,30,144.5,187,NaN,NaN,NaN,443,32.37
8182235363,Afternoon Workout,0,2276,0,Functional-Cardio Workout,2022-11-28,0,1,[],[],0,0,30,125.3,162,NaN,NaN,NaN,409,37.93
8182235331,Morning Weight Training,0,2347,0,WeightTraining,2022-11-26,0,1,[],[],0,0,29,124,157,NaN,NaN,NaN,414,39.12
8160150145,Evening Workout,0,2186,0,Functional-Cardio Workout,2022-11-24,0,1,[],[],0,0,28,146.5,170,NaN,NaN,NaN,509,36.43
8155361427,Afternoon Workout,0,2207,0,Functional-Cardio Workout,2022-11-22,0,1,[],[],0,0,26,138.6,170,NaN,NaN,NaN,470,36.78
8151030129,Evening Workout,0,2699,0,Functional-Cardio Workout,2022-11-22,0,1,[],[],0,0,26,131.6,163,NaN,NaN,NaN,528,44.98
8146441132,Afternoon Workout,0,1797,0,Functional-Cardio Workout,2022-11-20,0,1,[],[],0,0,24,148.3,173,NaN,NaN,NaN,427,29.95
8141884509,Afternoon Workout,0,1717,0,Functional-Cardio Workout,2022-11-19,0,1,[],[],0,0,23,134.8,166,NaN,NaN,NaN,349,28.62
8137158637,Evening Workout,0,1485,0,Functional-Cardio Workout,2022-11-19,0,1,[],[],0,0,28,144.4,166,NaN,NaN,NaN,338,24.75
8132627372,Afternoon Workout,0,1347,0,Functional-Cardio Workout,2022-11-17,0,1,[],[],0,0,27,139.2,173,NaN,NaN,NaN,289,22.45
8132355459,Afternoon Workout,0,1803,0,Functional-Cardio Workout,2022-11-16,0,1,[],[],0,0,30,95.1,128,NaN,NaN,NaN,187,30.05
8124106588,Evening Workout,0,1846,0,Functional-Cardio Workout,2022-11-16,0,1,[],[],0,0,30,152.4,184,NaN,NaN,NaN,457,30.77
8119355717,Evening Workout,0,1233,0,Functional-Cardio Workout,2022-11-15,0,1,[],[],0,0,27,138.2,167,NaN,NaN,NaN,262,20.55
8119355702,Evening Workout,0,2658,0,Functional-Cardio Workout,2022-11-10,0,1,[],[],0,0,31,139.5,167,NaN,NaN,NaN,572,44.3
8088332251,Lunch Workout,0,1797,0,Functional-Cardio Workout,2022-11-08,0,1,[],[],0,0,31,138.9,173,NaN,NaN,NaN,384,29.95
8083176906,Lunch Workout,0,1269,0,Functional-Cardio Workout,2022-11-07,0,1,[],[],0,0,31,150.6,174,NaN,NaN,NaN,309,21.15
8079471189,Lunch Workout,0,3682,0,Functional-Cardio Workout,2022-11-06,0,1,[],[],0,0,31,133.2,165,NaN,NaN,NaN,735,61.37
8068964123,Afternoon Workout,0,3254,0,Functional-Cardio Workout,2022-11-04,0,1,[],[],0,0,32,131.6,173,NaN,NaN,NaN,636,54.23
8068964116,Evening Workout,0,2088,0,Functional-Cardio Workout,2022-11-03,0,1,[],[],0,0,29,140.4,172,NaN,NaN,NaN,454,34.8
8055576307,Evening Workout,0,4203,0,Functional-Cardio Workout,2022-11-02,0,1,[],[],0,0,34,137.8,187,NaN,NaN,NaN,887,70.05
8050185517,Evening Workout,0,2306,0,Functional-Cardio Workout,2022-11-01,0,1,[],[],0,0,30,148.4,174,NaN,NaN,NaN,548,38.43
8044302453,Lunch Workout,0,1420,0,Functional-Cardio Workout,2022-10-30,0,1,[],[],0,0,30,147.8,175,NaN,NaN,NaN,335,23.67
8034000587,Afternoon Workout,0,2660,0,Functional-Cardio Workout,2022-10-28,0,1,[],[],0,0,29,135.6,178,NaN,NaN,NaN,547,44.33
8029975644,Evening Ride,0,2895,0,Ride,2022-10-27,0,1,[],[],0,0,30,127.7,155,NaN,NaN,NaN,538,48.25
8024916101,Evening Workout,0,2869,0,Functional-Cardio Workout,2022-10-26,0,1,[],[],0,0,31,133.4,166,NaN,NaN,NaN,574,47.82
8019342575,Afternoon Workout,0,3212,0,Functional-Cardio Workout,2022-10-25,0,1,[],[],0,0,30,134.7,176,NaN,NaN,NaN,653,53.53
8014397326,Afternoon Workout,0,2845,0,Functional-Cardio Workout,2022-10-24,0,1,[],[],0,0,32,145.8,174,NaN,NaN,NaN,658,47.42
8014397281,Evening Workout,0,1404,0,Functional-Cardio Workout,2022-10-23,0,1,[],[],0,0,31,140.4,170,NaN,NaN,NaN,306,23.4
8014397301,Evening Workout,0,3705,0,Functional-Cardio Workout,2022-10-21,0,1,[],[],0,0,32,136.1,167,NaN,NaN,NaN,766,61.75
7995086512,Evening Hike,5,4435,49,Hike,2022-10-20,0,1,"[30.244827652350068, -97.80955019406974]","[30.244501596316695, -97.80930569395423]",1.146,7.109,27,89.6,124,52.1,209.8,186.8,399,73.92
7990214715,Evening Ride,0,1570,0,Ride,2022-10-19,0,1,[],[],0,0,28,120.3,143,NaN,NaN,NaN,262,26.17
7985428379,Evening Workout,0,3416,0,Functional-Cardio Workout,2022-10-19,0,1,[],[],0,0,33,127,178,NaN,NaN,NaN,628,56.93
7979518267,Afternoon Row,0,1823,0,Rowing,2022-10-17,0,1,[],[],0,0,28,136.7,170,27.8,NaN,NaN,380,30.38
7979517970,Afternoon Workout,0,1241,0,Functional-Cardio Workout,2022-10-17,0,1,[],[],0,0,26,136.6,167,NaN,NaN,NaN,258,20.68
7962893212,Afternoon Workout,0,754,0,Functional-Cardio Workout,2022-10-14,0,1,[],[],0,0,33,148.2,169,NaN,NaN,NaN,179,12.57
7959299281,Afternoon Row,0,1554,0,Rowing,2022-10-13,0,1,[],[],0,0,26,128.3,150,28.1,NaN,NaN,291,25.9
7959299285,Afternoon Ride,0,1919,0,Ride,2022-10-13,0,1,[],[],0,0,29,119.1,148,NaN,NaN,NaN,315,31.98
7959299382,Afternoon Swim,0.25,780,0,Swim,2022-10-13,0,1,[],[],0.419,1.078,NaN,93.4,103,NaN,NaN,NaN,78,13
7954296350,Afternoon Swim,0.42,1114,0,Swim,2022-10-12,0,1,[],[],0.536,6.126,NaN,108.4,125,NaN,NaN,NaN,153,18.57
7949259794,Afternoon Workout,0,4247,0,Functional-Cardio Workout,2022-10-11,0,1,[],[],0,0,32,133.4,174,NaN,NaN,NaN,849,70.78
7943814572,Afternoon Workout,0,1102,0,Functional-Cardio Workout,2022-10-10,0,1,[],[],0,0,32,128.9,160,NaN,NaN,NaN,208,18.37
7939267017,Evening Workout,0,2227,0,Functional-Cardio Workout,2022-10-10,0,1,[],[],0,0,33,128.1,164,NaN,NaN,NaN,416,37.12
7927920375,Evening Workout,0,1156,0,Functional-Cardio Workout,2022-10-08,0,1,[],[],0,0,30,139.9,162,NaN,NaN,NaN,250,19.27
7923110121,Afternoon Ride,12.51,4099,448,Ride,2022-10-06,13,1,"[30.401556082069874, -97.68450175411999]","[30.40176898241043, -97.68445230089128]",3.527,9.126,32,139.9,172,NaN,216,188.6,887,68.32
7918414987,Evening Ride,11.68,3276,123,Ride,2022-10-06,0,1,"[30.401366902515292, -97.68534556031227]","[30.401723803952336, -97.68448859453201]",5.064,9.48,27,115.6,139,NaN,-60.2,-86.4,509,54.6
7918414980,Evening Workout,0,3223,0,Functional-Cardio Workout,2022-10-05,0,1,[],[],0,0,30,134.6,171,NaN,NaN,NaN,654,53.72
7906191054,Lunch Workout,0,2214,0,Functional-Cardio Workout,2022-10-03,0,1,[],[],0,0,30,133.1,162,NaN,NaN,NaN,441,36.9
7901583312,Lunch Yoga,0,2415,0,Yoga,2022-10-02,0,1,[],[],0,0,28,84.8,127,NaN,NaN,NaN,188,40.25
7901583230,Afternoon Workout,0,1771,0,Functional-Cardio Workout,2022-10-01,0,1,[],[],0,0,32,143.8,175,NaN,NaN,NaN,401,29.52
7891913019,Evening Mountain Bike Ride,5.02,2113,37,MountainBikeRide,2022-09-30,2,1,"[30.505685219541192, -97.78289339505136]","[30.50573341548443, -97.78282784856856]",3.225,5.944,28,124,145,NaN,262,248.4,373,35.22
7887509906,Afternoon Ride,11.77,4690,139,Ride,2022-09-29,2,1,"[30.40467188693583, -97.68201735801995]","[30.40463861078024, -97.6819527335465]",3.25,9.762,32,141,164,NaN,215.4,191.6,1028,78.17
7881485870,Afternoon Workout,0,2067,0,Functional-Cardio Workout,2022-09-28,0,1,[],[],0,0,32,130.5,159,NaN,NaN,NaN,398,34.45
7877830728,Evening Workout,0,3681,0,Functional-Cardio Workout,2022-09-28,0,1,[],[],0,0,34,136.3,181,NaN,NaN,NaN,763,61.35
7872000948,Afternoon Workout,0,2396,0,Functional-Cardio Workout,2022-09-26,0,1,[],[],0,0,32,136.1,172,NaN,NaN,NaN,496,39.93
7867936072,Evening Workout,0,2459,0,Functional-Cardio Workout,2022-09-26,0,1,[],[],0,0,33,130.5,161,NaN,NaN,NaN,474,40.98
7860502925,Morning Workout,0,3775,0,Functional-Cardio Workout,2022-09-24,0,1,[],[],0,0,33,144,172,NaN,NaN,NaN,856,62.92
7851566640,Afternoon Workout,0,1992,0,Functional-Cardio Workout,2022-09-22,0,1,[],[],0,0,33,134.1,174,NaN,NaN,NaN,402,33.2
7846435025,Afternoon Workout,0,2005,0,Functional-Cardio Workout,2022-09-21,0,1,[],[],0,0,33,138.1,169,NaN,NaN,NaN,425,33.42
7841605387,Evening Workout,0,3152,0,Functional-Cardio Workout,2022-09-21,0,1,[],[],0,0,33,130.9,173,NaN,NaN,NaN,611,52.53
7835158574,Afternoon Workout,0,1615,0,Functional-Cardio Workout,2022-09-19,0,1,[],[],0,0,33,144.8,175,NaN,NaN,NaN,369,26.92
7829208307,Morning Workout,0,1588,0,Functional-Cardio Workout,2022-09-18,0,1,[],[],0,0,33,148.1,175,NaN,NaN,NaN,376,26.47
7817521073,Morning Workout,0,1770,0,Functional-Cardio Workout,2022-09-16,0,1,[],[],0,0,32,145.1,172,NaN,NaN,NaN,406,29.5
7814760129,Afternoon Ride,0,1256,0,Ride,2022-09-15,0,1,[],[],0,0,29,117.1,155,NaN,NaN,NaN,200,20.93
7809401836,Afternoon Workout,0,2182,0,Functional-Cardio Workout,2022-09-14,0,1,[],[],0,0,32,142,170,NaN,NaN,NaN,484,36.37
7803664451,Afternoon Workout,0,1404,0,Functional-Cardio Workout,2022-09-13,0,1,[],[],0,0,33,127.2,154,NaN,NaN,NaN,259,23.4
7798186339,Afternoon Workout,0,2424,0,Functional-Cardio Workout,2022-09-12,0,1,[],[],0,0,33,116.7,159,NaN,NaN,NaN,383,40.4
7785525706,Morning Workout,0,1915,0,Functional-Cardio Workout,2022-09-10,0,1,[],[],0,0,32,144.3,179,NaN,NaN,NaN,435,31.92
7781716408,Afternoon Workout,0,2098,0,Functional-Cardio Workout,2022-09-09,0,1,[],[],0,0,33,136.9,172,NaN,NaN,NaN,438,34.97
7777108383,Afternoon Workout,0,2547,0,Functional-Cardio Workout,2022-09-08,0,1,[],[],0,0,32,137.7,171,NaN,NaN,NaN,537,42.45
7772120351,Afternoon Workout,0,1289,0,Functional-Cardio Workout,2022-09-07,0,1,[],[],0,0,32,141.3,170,NaN,NaN,NaN,283,21.48
7767086065,Evening Workout,0,3508,0,Functional-Cardio Workout,2022-09-07,0,1,[],[],0,0,34,143.6,180,NaN,NaN,NaN,792,58.47
7767086089,Afternoon Ride,8.6,2881,60,Ride,2022-09-05,0,1,"[30.207056114450097, -97.90457834489644]","[30.20705862902105, -97.9046525247395]",3.498,6.848,35,142.2,165,NaN,308.4,265.2,640,48.02
7767086080,Lunch Hike,3.09,4596,135,Hike,2022-09-04,0,1,"[30.50172426737845, -98.81824317388237]","[30.493526933714747, -98.82049413397908]",1.164,16.464,35,98.7,149,51.4,553.6,437.4,518,76.6
7744120120,Afternoon Workout,0,1856,0,Functional-Cardio Workout,2022-09-02,0,1,[],[],0,0,33,134.4,169,NaN,NaN,NaN,376,30.93
7744120183,Evening Workout,0,2983,0,Functional-Cardio Workout,2022-09-01,0,1,[],[],0,0,33,166.7,189,NaN,NaN,NaN,846,49.72
7733338456,Afternoon Workout,0,2260,0,Functional-Cardio Workout,2022-08-31,0,1,[],[],0,0,32,148,176,NaN,NaN,NaN,535,37.67
7733338470,Evening Workout,0,4014,0,Functional-Cardio Workout,2022-08-31,0,1,[],[],0,0,33,137.8,181,NaN,NaN,NaN,847,66.9
7700419004,Afternoon Workout,0,2357,0,Functional-Cardio Workout,2022-08-25,0,1,[],[],0,0,33,131.1,152,NaN,NaN,NaN,458,39.28
7697533691,Evening Workout,0,1392,0,Functional-Cardio Workout,2022-08-24,0,1,[],[],0,0,30,142,171,NaN,NaN,NaN,309,23.2
7697533117,Evening Workout,0,3249,0,Functional-Cardio Workout,2022-08-24,0,1,[],[],0,0,34,143.2,178,NaN,NaN,NaN,730,54.15
7697532478,Morning Workout,0,2359,0,Functional-Cardio Workout,2022-08-23,0,1,[],[],0,0,31,132,163,NaN,NaN,NaN,464,39.32
7697532128,Afternoon Workout,0,2278,0,Functional-Cardio Workout,2022-08-22,0,1,[],[],0,0,33,143,172,NaN,NaN,NaN,511,37.97
7676993625,Lunch Workout,0,1848,0,Functional-Cardio Workout,2022-08-21,0,1,[],[],0,0,32,136.2,167,NaN,NaN,NaN,383,30.8
7671148736,Lunch Workout,0,2805,0,Functional-Cardio Workout,2022-08-20,0,1,[],[],0,0,33,132.5,168,NaN,NaN,NaN,555,46.75
7661938174,Evening Workout,0,1917,0,Functional-Cardio Workout,2022-08-19,0,1,[],[],0,0,32,153.3,172,NaN,NaN,NaN,479,31.95
7655951082,Afternoon Workout,0,1654,0,Functional-Cardio Workout,2022-08-17,0,1,[],[],0,0,33,150.4,173,NaN,NaN,NaN,401,27.57
7643729354,Afternoon Workout,0,2075,0,Functional-Cardio Workout,2022-08-15,0,1,[],[],0,0,33,150.7,179,NaN,NaN,NaN,505,34.58
7639108992,Morning Kayaking,3.91,4739,22,Kayaking,2022-08-14,0,1,"[30.266667874529958, -97.75932465679944]","[30.260618571192026, -97.74257618933916]",1.109,2.189,31,88.6,101,NaN,136.6,123.2,414,78.98
7627852888,Afternoon Workout,0,1735,0,Functional-Cardio Workout,2022-08-12,0,1,[],[],0,0,34,156.8,181,NaN,NaN,NaN,449,28.92
7617909397,Evening Workout,0,1491,0,Functional-Cardio Workout,2022-08-11,0,1,[],[],0,0,33,146.4,165,NaN,NaN,NaN,347,24.85
7612343504,Evening Workout,0,1684,0,Functional-Cardio Workout,2022-08-10,0,1,[],[],0,0,34,153.7,173,NaN,NaN,NaN,423,28.07
7605977133,Evening Workout,0,1870,0,Functional-Cardio Workout,2022-08-08,0,1,[],[],0,0,33,156.5,178,NaN,NaN,NaN,483,31.17
7605386863,Morning Walk,1.54,5588,168,Walk,2022-08-04,0,1,"[-13.871448179706931, -71.31697839125991]","[-13.86905581690371, -71.3029585685581]",0.8,1.62,26,123.6,144,56.3,4646.6,4382.8,980,93.13
7605385250,Morning Workout,0,1203,0,Functional-Cardio Workout,2022-08-01,0,1,[],[],0,0,27,129,163,NaN,NaN,NaN,227,20.05
7549296930,Afternoon Workout,0,1839,0,Functional-Cardio Workout,2022-07-26,0,1,[],[],0,0,29,148.3,177,NaN,NaN,NaN,437,30.65
7549296287,Lunch Workout,0,1652,0,Functional-Cardio Workout,2022-07-25,0,1,[],[],0,0,27,151.2,166,NaN,NaN,NaN,404,27.53
7549295861,Afternoon Workout,0,1087,0,Functional-Cardio Workout,2022-07-24,0,1,[],[],0,0,25,145.8,165,NaN,NaN,NaN,251,18.12
7549295303,Evening Workout,0,3032,0,Functional-Cardio Workout,2022-07-21,0,1,[],[],0,0,34,144.8,177,NaN,NaN,NaN,693,50.53
7501678752,Afternoon Workout,0,1883,0,Functional-Cardio Workout,2022-07-20,0,1,[],[],0,0,36,146.7,168,NaN,NaN,NaN,440,31.38
7496684204,Evening Workout,0,1894,0,Functional-Cardio Workout,2022-07-19,0,1,[],[],0,0,35,147.9,174,NaN,NaN,NaN,448,31.57
7490027394,Lunch Workout,0,2193,0,Functional-Cardio Workout,2022-07-18,0,1,[],[],0,0,34,147,172,NaN,NaN,NaN,514,36.55
7480345431,Afternoon Workout,0,1802,0,Functional-Cardio Workout,2022-07-16,0,1,[],[],0,0,35,145.9,172,NaN,NaN,NaN,417,30.03
7475135473,Afternoon Workout,0,1510,0,Functional-Cardio Workout,2022-07-15,0,1,[],[],0,0,34,142.7,172,NaN,NaN,NaN,337,25.17
7468783204,Evening Workout,0,2773,0,Functional-Cardio Workout,2022-07-13,0,1,[],[],0,0,30,137.5,179,NaN,NaN,NaN,583,46.22
7459486964,Afternoon Workout,0,3326,0,Functional-Cardio Workout,2022-07-12,0,1,[],[],0,0,34,134.6,177,NaN,NaN,NaN,675,55.43
7453924352,Evening Workout,0,2735,0,Functional-Cardio Workout,2022-07-11,0,1,[],[],0,0,33,146.1,173,NaN,NaN,NaN,634,45.58
7447936857,Afternoon Workout,0,1194,0,Functional-Cardio Workout,2022-07-10,0,1,[],[],0,0,30,140.8,164,NaN,NaN,NaN,261,19.9
7442268337,Afternoon Workout,0,1738,0,Functional-Cardio Workout,2022-07-09,0,1,[],[],0,0,33,121.9,156,NaN,NaN,NaN,297,28.97
7437706104,Evening Workout,0,3311,0,Functional-Cardio Workout,2022-07-09,0,1,[],[],0,0,33,145.7,178,NaN,NaN,NaN,765,55.18
7432748111,Evening Workout,0,2972,0,Functional-Cardio Workout,2022-07-07,0,1,[],[],0,0,33,147.8,171,NaN,NaN,NaN,702,49.53
7427666085,Evening Workout,0,2876,0,Functional-Cardio Workout,2022-07-07,0,1,[],[],0,0,29,138.7,177,NaN,NaN,NaN,614,47.93
7421954219,Evening Workout,0,1919,0,Functional-Cardio Workout,2022-07-05,0,1,[],[],0,0,33,139.4,165,NaN,NaN,NaN,413,31.98
7421602405,Afternoon Swim,0.32,875,0,Swim,2022-07-05,0,1,[],[],0.463,2,NaN,101.3,122,NaN,NaN,NaN,104,14.58
7416233723,Afternoon Workout,0,1677,0,Functional-Cardio Workout,2022-07-04,0,1,[],[],0,0,33,131.9,170,NaN,NaN,NaN,329,27.95
7409993831,Lunch Workout,0,1278,0,Functional-Cardio Workout,2022-07-03,0,1,[],[],0,0,33,145.5,163,NaN,NaN,NaN,294,21.3
7404375396,Lunch Workout,0,2067,0,Functional-Cardio Workout,2022-07-02,0,1,[],[],0,0,33,137.9,168,NaN,NaN,NaN,437,34.45
7399870148,Afternoon Swim,0.43,1262,0,Swim,2022-07-01,0,1,[],[],0.465,2.566,NaN,118.9,148,NaN,NaN,NaN,206,21.03
7395320176,Afternoon Workout,0,1802,0,Functional-Cardio Workout,2022-06-30,0,1,[],[],0,0,33,144.3,170,NaN,NaN,NaN,410,30.03
7395319816,Afternoon Swim,0.42,884,0,Swim,2022-06-30,0,1,[],[],0.561,2.366,NaN,115.6,136,NaN,NaN,NaN,137,14.73
7390401164,Evening Workout,0,1956,0,Functional-Cardio Workout,2022-06-29,0,1,[],[],0,0,33,149.2,177,NaN,NaN,NaN,469,32.6
7389902513,Afternoon Swim,0.21,496,0,Swim,2022-06-29,0,1,[],[],0.554,1.168,NaN,122.3,136,NaN,NaN,NaN,85,8.27
7389902443,Afternoon Swim,0.11,293,0,Swim,2022-06-29,0,1,[],[],0.5,0.668,NaN,116.7,136,NaN,NaN,NaN,46,4.88
7384818542,Evening Workout,0,1948,0,Functional-Cardio Workout,2022-06-28,0,1,[],[],0,0,32,143.2,175,NaN,NaN,NaN,438,32.47
7384553991,Afternoon Swim,0.35,741,0,Swim,2022-06-28,0,1,[],[],0.617,3.31,NaN,125.5,145,NaN,NaN,NaN,134,12.35
7379317731,Evening Workout,0,1801,0,Functional-Cardio Workout,2022-06-27,0,1,[],[],0,0,31,142.7,169,NaN,NaN,NaN,402,30.02
7367779138,Afternoon Workout,0,2748,0,Functional-Cardio Workout,2022-06-25,0,1,[],[],0,0,33,133.4,175,NaN,NaN,NaN,550,45.8
7363091019,Evening Workout,0,1975,0,Functional-Cardio Workout,2022-06-24,0,1,[],[],0,0,33,135.5,158,NaN,NaN,NaN,405,32.92
7362922978,Afternoon Swim,0.31,1176,0,Swim,2022-06-24,0,1,[],[],0.477,6.3,NaN,132.3,159,NaN,NaN,NaN,232,19.6
7358660325,Evening Hike,1.92,2117,30,Hike,2022-06-24,0,1,"[30.371006559580564, -97.78484503738582]","[30.371436551213264, -97.7855437528342]",1.057,6.376,35,107.5,128,50.6,180,165.2,286,35.28
7358463108,Afternoon Workout,0,2662,0,Functional-Cardio Workout,2022-06-23,0,1,[],[],0,0,34,118.1,168,NaN,NaN,NaN,430,44.37
7352895855,Afternoon Workout,0,1203,0,Functional-Cardio Workout,2022-06-22,0,1,[],[],0,0,33,138.4,168,NaN,NaN,NaN,256,20.05
7352638274,Afternoon Swim,0.42,1497,0,Swim,2022-06-22,0,1,[],[],0.479,6.364,NaN,125.2,157,NaN,NaN,NaN,269,24.95
7352524704,Afternoon Swim,0.14,376,0,Swim,2022-06-22,0,1,[],[],0.581,2.216,NaN,98.8,121,NaN,NaN,NaN,43,6.27
7350407967,Evening Swim,0.29,860,0,Swim,2022-06-21,0,1,"[30.389566188678145, -97.73843167349696]","[30.389498630538583, -97.73840476758778]",0.386,1.26,31,124,149,26.9,257.1,256.4,152,14.33
7342208546,Evening Weight Training,0,1516,0,WeightTraining,2022-06-20,0,1,[],[],0,0,32,137.9,163,NaN,NaN,NaN,320,25.27
7341104282,Afternoon Swim,0.25,1322,0,Swim,2022-06-20,0,1,"[30.389829128980637, -97.73879553191364]","[30.389539198949933, -97.73829974234104]",0.276,1.622,30,127.7,147,28.9,258.2,255.8,245,22.03
7335189040,Morning Workout,0,2385,0,Functional-Cardio Workout,2022-06-19,0,1,[],[],0,0,27,96.8,131,NaN,NaN,NaN,258,39.75
7326034820,Evening Weight Training,0,2193,0,WeightTraining,2022-06-17,0,1,[],[],0,0,34,126.9,160,NaN,NaN,NaN,403,36.55
7325431689,Afternoon Swim,0.38,579,0,Swim,2022-06-17,0,1,[],[],0.947,5,NaN,120.5,144,NaN,NaN,NaN,97,9.65
7325431372,Afternoon Swim,0.13,469,0,Swim,2022-06-17,0,1,"[30.389491925016046, -97.738355146721]","[30.389495445415378, -97.73831382393837]",0.308,0.826,30,126.7,146,28.3,257.1,256.4,86,7.82
7315990079,Evening Workout,0,1764,0,Functional-Cardio Workout,2022-06-16,0,1,[],[],0,0,28,127,153,NaN,NaN,NaN,324,29.4
7304622665,Evening Run,5.59,2181,50,Run,2022-06-13,1,1,"[30.3870109654963, -97.73673450574279]","[30.388903431594372, -97.73587603121996]",2.614,5.183,34,163.4,176,84.5,264.6,247.2,601,36.35
7299034268,Afternoon Workout,0,3189,0,Functional-Cardio Workout,2022-06-12,0,1,[],[],0,0,34,142.8,180,NaN,NaN,NaN,713,53.15
7292234833,Lunch Workout,0,3534,0,Functional-Cardio Workout,2022-06-11,0,1,[],[],0,0,34,141.1,177,NaN,NaN,NaN,775,58.9
7287926248,Evening Workout,0,1599,0,Functional-Cardio Workout,2022-06-10,0,1,[],[],0,0,34,140,173,NaN,NaN,NaN,346,26.65
7283209084,Evening Workout,0,3484,0,Functional-Cardio Workout,2022-06-09,0,1,[],[],0,0,31,157.2,182,NaN,NaN,NaN,905,58.07
7282464979,Afternoon Swim,0.17,708,0,Swim,2022-06-09,0,1,"[30.389496702700853, -97.73820234462619]","[30.389592172577977, -97.73830393329263]",0.281,0.762,30,122,142,26.1,257,255.8,121,11.8
7277894545,Evening Workout,0,3538,0,Functional-Cardio Workout,2022-06-08,0,1,[],[],0,0,33,136.5,172,NaN,NaN,NaN,735,58.97
7261210263,Afternoon Activity,0,1830,0,Functional-Cardio Workout,2022-06-05,0,1,[],[],0,0,36,140.3,170,NaN,NaN,NaN,398,30.5
7245291707,Afternoon Activity,0,2022,0,Functional-Cardio Workout,2022-06-02,0,1,[],[],0,0,35,147.2,173,NaN,NaN,NaN,475,33.7
7237638521,Morning Run,4.84,2295,37,Run,2022-06-01,0,1,"[30.388769740238786, -97.7359414100647]","[30.389036368578672, -97.73593462072313]",2.608,6.728,29,156.4,172,84.3,264.8,246,592,38.25
7234907479,Evening Activity,0,3005,0,Functional-Cardio Workout,2022-05-31,0,1,[],[],0,0,32,149.2,183,NaN,NaN,NaN,720,50.08
7228758859,Afternoon Activity,0,1852,0,Functional-Cardio Workout,2022-05-30,0,1,[],[],0,0,34,143.5,171,NaN,NaN,NaN,417,30.87
7224099974,Afternoon Activity,0,1617,0,WeightTraining,2022-05-29,0,1,[],[],0,0,33,136.4,163,NaN,NaN,NaN,336,26.95
7218344699,Afternoon Walk,5.5,7091,234,Walk,2022-05-28,0,1,"[39.315699795261025, -77.74034000001848]","[39.318960439413786, -77.73943031206727]",1.097,2.568,26,104,148,52.2,293.2,66.8,894,118.18
7179587226,Morning Activity,10.29,7275,217,Functional-Cardio Workout,2022-05-21,0,1,"[30.798659306019545, -98.35918050259352]","[30.798711944371462, -98.35995599627495]",1.829,4.11,30,145.5,177,NaN,357.8,300.6,1676,121.25
7171648251,Evening Activity,0,2946,0,Functional-Cardio Workout,2022-05-20,0,1,[],[],0,0,32,130.9,161,NaN,NaN,NaN,571,49.1
7166675139,Evening Activity,0,2158,0,Functional-Cardio Workout,2022-05-18,0,1,[],[],0,0,30,158.9,184,NaN,NaN,NaN,570,35.97
7154916883,Evening Activity,0,2572,0,Functional-Cardio Workout,2022-05-17,0,1,[],[],0,0,33,140.4,168,NaN,NaN,NaN,560,42.87
7143434657,Afternoon Activity,0,411,0,Functional-Cardio Workout,2022-05-14,0,1,[],[],0,0,34,147.5,162,NaN,NaN,NaN,97,6.85
7133136466,Evening Activity,0,1578,0,WeightTraining,2022-05-12,0,1,[],[],0,0,32,144,166,NaN,NaN,NaN,358,26.3
7133025525,Evening Activity,0,342,0,Functional-Cardio Workout,2022-05-12,0,1,[],[],0,0,31,123.8,148,NaN,NaN,NaN,60,5.7
7127900671,Evening Activity,0,2005,0,Functional-Cardio Workout,2022-05-11,0,1,[],[],0,0,29,157.2,181,NaN,NaN,NaN,521,33.42
7121969262,Afternoon Activity,0,2870,0,Functional-Cardio Workout,2022-05-10,0,1,[],[],0,0,32,144.7,176,NaN,NaN,NaN,656,47.83
7116458201,Evening Activity,0,2940,0,Functional-Cardio Workout,2022-05-10,0,1,[],[],0,0,31,141.8,175,NaN,NaN,NaN,650,49
7111449419,Evening Activity,0,1747,0,Functional-Cardio Workout,2022-05-08,0,1,[],[],0,0,33,136.3,168,NaN,NaN,NaN,362,29.12
7099546136,Afternoon Activity,0,3091,0,Functional-Cardio Workout,2022-05-06,0,1,[],[],0,0,32,141.2,176,NaN,NaN,NaN,679,51.52
7094732292,Afternoon Activity,0,2404,0,Functional-Cardio Workout,2022-05-05,0,1,[],[],0,0,31,148.1,172,NaN,NaN,NaN,570,40.07
7089438915,Afternoon Activity,0,2338,0,Functional-Cardio Workout,2022-05-04,0,1,[],[],0,0,31,141.8,180,NaN,NaN,NaN,517,38.97
7085248120,Night Activity,0,2341,0,Functional-Cardio Workout,2022-05-04,0,1,[],[],0,0,27,125.2,156,NaN,NaN,NaN,420,39.02
7077988109,Afternoon Activity,0,1569,0,Functional-Cardio Workout,2022-05-02,0,1,[],[],0,0,35,145.4,173,NaN,NaN,NaN,361,26.15
7062071768,Evening Run,5.62,2974,8,Run,2022-04-30,0,1,"[27.46784035116434, -99.50638309121132]","[27.467720741406083, -99.50628795661032]",1.897,4.03,33,131.7,172,65.4,127.4,120.6,582,49.57
7056021664,Lunch Run,6.01,2522,54,Run,2022-04-28,0,1,"[30.38909051567316, -97.73566832765937]","[30.389471724629402, -97.73560537956655]",2.64,5.073,30,154.7,170,82.1,264.6,244.2,639,42.03
7052639785,Evening Activity,0,1862,0,Functional-Cardio Workout,2022-04-27,0,1,[],[],0,0,29,157,182,NaN,NaN,NaN,483,31.03
7046712057,Evening Activity,0,2783,0,Functional-Cardio Workout,2022-04-26,0,1,[],[],0,0,30,146.4,176,NaN,NaN,NaN,648,46.38
7041200880,Afternoon Activity,0,2778,0,Functional-Cardio Workout,2022-04-25,0,1,[],[],0,0,28,136,182,NaN,NaN,NaN,574,46.3
7035044022,Lunch Activity,0,4541,0,Functional-Cardio Workout,2022-04-24,0,1,[],[],0,0,31,131.3,165,NaN,NaN,NaN,884,75.68
7024937010,Afternoon Activity,0,2385,0,Functional-Cardio Workout,2022-04-22,0,1,[],[],0,0,31,152,176,NaN,NaN,NaN,589,39.75
7020510777,Evening Run,5.84,2633,57,Run,2022-04-21,1,1,"[30.38851040415466, -97.7357030287385]","[30.38908565416932, -97.73586655966938]",2.568,4.414,28,157,174,81.9,256.8,237.6,683,43.88
7015258111,Evening Activity,0,1430,0,Functional-Cardio Workout,2022-04-21,0,1,[],[],0,0,30,158.7,183,NaN,NaN,NaN,377,23.83
7009700149,Afternoon Activity,0,2616,0,Functional-Cardio Workout,2022-04-19,0,1,[],[],0,0,29,147.7,180,NaN,NaN,NaN,617,43.6
7004644328,Evening Activity,0,2636,0,Functional-Cardio Workout,2022-04-18,0,1,[],[],0,0,28,146.3,175,NaN,NaN,NaN,613,43.93
6983291404,Morning Activity,34.47,22588,0,AlpineSki,2022-04-14,3,1,"[39.46047571487725, -106.07856773771346]","[39.478443497791886, -106.0453733894974]",5.857,18.104,18,101.5,125,NaN,3748.6,2924.4,2707,376.47
6977793805,Afternoon Activity,17.25,5955,0,AlpineSki,2022-04-13,1,1,"[39.48179433122277, -106.0934079810977]","[39.47330094873905, -106.05113879777491]",6.949,17.482,9,104.7,123,NaN,3524,2946.2,762,99.25
6966265476,Morning Activity,13.37,10393,0,AlpineSki,2022-04-11,3,1,"[39.460695991292596, -106.07846598140895]","[39.4709811732173, -106.05517770163715]",5.358,14.146,25,117.7,142,NaN,3468,2964,1669,173.22
6951773290,Evening Activity,0,2619,0,Functional-Cardio Workout,2022-04-09,0,1,[],[],0,0,30,139.1,178,NaN,NaN,NaN,561,43.65
6942779209,Evening Activity,0,3153,0,Functional-Cardio Workout,2022-04-06,0,1,[],[],0,0,29,141.6,177,NaN,NaN,NaN,696,52.55
6937587715,Afternoon Activity,0,1831,0,Functional-Cardio Workout,2022-04-05,0,1,[],[],0,0,32,151.8,176,NaN,NaN,NaN,451,30.52
6932738211,Evening Activity,0,3331,0,Functional-Cardio Workout,2022-04-04,0,1,[],[],0,0,30,142.5,177,NaN,NaN,NaN,742,55.52
6926091020,Morning Run,10.01,3810,27,Run,2022-04-03,0,1,"[29.268461661413312, -94.82798838056624]","[29.265671744942665, -94.82572560198605]",2.637,3.978,26,158,170,85,4.8,-4.2,998,63.5
6917539822,Afternoon Activity,0,2783,0,Functional-Cardio Workout,2022-04-01,0,1,[],[],0,0,30,139.1,172,NaN,NaN,NaN,597,46.38
6913502235,Afternoon Activity,0,2517,0,Functional-Cardio Workout,2022-03-31,0,1,[],[],0,0,29,140.7,180,NaN,NaN,NaN,550,41.95
6907498892,Lunch Activity,0,1581,0,Functional-Cardio Workout,2022-03-30,0,1,[],[],0,0,27,130.1,162,NaN,NaN,NaN,303,26.35
6904274850,Afternoon Activity,0,3120,0,Functional-Cardio Workout,2022-03-29,0,1,[],[],0,0,29,143,174,NaN,NaN,NaN,699,52
6895845332,Morning Activity,0,2531,0,Functional-Cardio Workout,2022-03-28,0,1,[],[],0,0,28,139.4,175,NaN,NaN,NaN,544,42.18
6886421674,Morning Activity,0,3009,0,Functional-Cardio Workout,2022-03-26,0,1,[],[],0,0,30,132.2,171,NaN,NaN,NaN,593,50.15
6877797182,Afternoon Activity,0,2841,0,Functional-Cardio Workout,2022-03-24,0,1,[],[],0,0,29,144,179,NaN,NaN,NaN,644,47.35
6872684233,Evening Activity,0,2679,0,Functional-Cardio Workout,2022-03-23,0,1,[],[],0,0,27,144.6,178,NaN,NaN,NaN,611,44.65
6863649542,Morning Activity,0,2538,0,Functional-Cardio Workout,2022-03-22,0,1,[],[],0,0,28,136,176,NaN,NaN,NaN,524,42.3
6858501837,Morning Activity,0,2791,0,Functional-Cardio Workout,2022-03-21,0,1,[],[],0,0,26,143.7,185,NaN,NaN,NaN,631,46.52
6849835953,Lunch Run,5.12,1699,36,Run,2022-03-19,0,1,"[30.38731095381081, -97.73752986453474]","[30.389135694131255, -97.73586815223098]",3.083,5.41,27,165.7,182,85.4,268.2,242.2,478,28.32
6845169227,Afternoon Activity,0,2583,0,Functional-Cardio Workout,2022-03-18,0,1,[],[],0,0,29,109.1,145,NaN,NaN,NaN,359,43.05
6835800184,Evening Activity,0,2479,0,Functional-Cardio Workout,2022-03-16,0,1,[],[],0,0,28,145.3,181,NaN,NaN,NaN,570,41.32
6830789366,Evening Activity,0,2576,0,Functional-Cardio Workout,2022-03-15,0,1,[],[],0,0,29,133.4,172,NaN,NaN,NaN,515,42.93
6825189296,Afternoon Activity,0,2315,0,Functional-Cardio Workout,2022-03-14,0,1,[],[],0,0,29,140.7,174,NaN,NaN,NaN,506,38.58
6820712457,Evening Activity,0,2649,0,Functional-Cardio Workout,2022-03-13,0,1,[],[],0,0,28,140.7,174,NaN,NaN,NaN,578,44.15
6814345270,Afternoon Run,5.17,3271,103,Run,2022-03-12,0,1,"[30.369778526946902, -97.7853019349277]","[30.366809908300638, -97.78492315672338]",1.745,3.754,22,146.8,175,79,226.8,166.4,764,54.52
6805240312,Evening Activity,0,2911,0,Functional-Cardio Workout,2022-03-11,0,1,[],[],0,0,28,138.1,174,NaN,NaN,NaN,617,48.52
6797043556,Morning Activity,0,2450,0,Functional-Cardio Workout,2022-03-09,0,1,[],[],0,0,25,138.6,171,NaN,NaN,NaN,522,40.83
6795067469,Evening Activity,0,3524,0,Functional-Cardio Workout,2022-03-09,0,1,[],[],0,0,26,137,179,NaN,NaN,NaN,737,58.73
6789848407,Evening Activity,0,2316,0,Functional-Cardio Workout,2022-03-08,0,1,[],[],0,0,25,140.3,179,NaN,NaN,NaN,503,38.6
6769312477,Afternoon Run,5.07,1768,40,Run,2022-03-03,5,1,"[30.387406339868903, -97.73831617087126]","[30.389111302793026, -97.73569716140628]",3.28,5.47,25,166.2,190,84.9,283.4,259.4,499,29.47
6764870542,Evening Activity,0,2567,0,Functional-Cardio Workout,2022-03-03,0,1,[],[],0,0,27,137.3,168,NaN,NaN,NaN,539,42.78
6759449303,Evening Activity,0,2762,0,Functional-Cardio Workout,2022-03-02,0,1,[],[],0,0,27,143.5,175,NaN,NaN,NaN,623,46.03
6754061766,Evening Activity,0,2721,0,Functional-Cardio Workout,2022-03-01,0,1,[],[],0,0,25,135.5,173,NaN,NaN,NaN,559,45.35
6742522507,Lunch Run,6.27,2445,63,Run,2022-02-26,1,1,"[30.388998817652464, -97.73547319695354]","[30.389035111293197, -97.735839150846]",2.778,4.522,14,154.1,173,86,274.6,236,616,40.75
6733856021,Afternoon Activity,0,2060,0,Functional-Cardio Workout,2022-02-24,0,1,[],[],0,0,24,146.3,177,NaN,NaN,NaN,479,34.33
6729396049,Evening Activity,0,2179,0,Functional-Cardio Workout,2022-02-24,0,1,[],[],0,0,23,143,175,NaN,NaN,NaN,488,36.32
6724528197,Evening Activity,0,2463,0,Functional-Cardio Workout,2022-02-23,0,1,[],[],0,0,26,143.9,173,NaN,NaN,NaN,558,41.05
6718717428,Afternoon Activity,0,2993,0,Functional-Cardio Workout,2022-02-21,0,1,[],[],0,0,30,106.5,142,NaN,NaN,NaN,396,49.88
6712135630,Morning Run,21.28,7502,188,Run,2022-02-20,6,49,"[30.26424533687532, -97.74396398104727]","[30.27131882496178, -97.74163557216525]",2.836,5.15,15,163.8,184,87.5,205.8,126.6,2074,125.03
6708815582,Afternoon Activity,0,2318,0,Functional-Cardio Workout,2022-02-19,0,1,[],[],0,0,27,146.6,177,NaN,NaN,NaN,541,38.63
6699460962,Afternoon Activity,0,2464,0,Functional-Cardio Workout,2022-02-17,0,1,[],[],0,0,24,144.1,173,NaN,NaN,NaN,559,41.07
6694671366,Evening Activity,0,2619,0,Functional-Cardio Workout,2022-02-17,0,1,[],[],0,0,28,139.5,175,NaN,NaN,NaN,564,43.65
6689591048,Afternoon Activity,0,2957,0,Functional-Cardio Workout,2022-02-15,0,1,[],[],0,0,27,143.2,181,NaN,NaN,NaN,664,49.28
6683729889,Afternoon Activity,0,2721,0,Functional-Cardio Workout,2022-02-14,0,1,[],[],0,0,31,141,174,NaN,NaN,NaN,596,45.35
6667966076,Afternoon Activity,0,2902,0,Functional-Cardio Workout,2022-02-11,0,1,[],[],0,0,29,141.5,172,NaN,NaN,NaN,640,48.37
6664140240,Evening Activity,0,2704,0,Functional-Cardio Workout,2022-02-11,0,1,[],[],0,0,27,150.5,179,NaN,NaN,NaN,657,45.07
6658899949,Evening Activity,0,2150,0,Functional-Cardio Workout,2022-02-10,0,1,[],[],0,0,26,143.9,171,NaN,NaN,NaN,487,35.83
6653353445,Afternoon Activity,0,2720,0,Functional-Cardio Workout,2022-02-08,0,1,[],[],0,0,26,147.6,177,NaN,NaN,NaN,641,45.33
6647988601,Evening Activity,0,2481,0,Functional-Cardio Workout,2022-02-08,0,1,[],[],0,0,25,140.3,176,NaN,NaN,NaN,539,41.35
6632209461,Afternoon Activity,0,2188,0,Functional-Cardio Workout,2022-02-04,0,1,[],[],0,0,22,145.2,172,NaN,NaN,NaN,503,36.47
6627986131,Evening Activity,0,2082,0,Functional-Cardio Workout,2022-02-04,0,1,[],[],0,0,21,146.6,179,NaN,NaN,NaN,486,34.7
6623045361,Evening Activity,0,2006,0,WeightTraining,2022-02-03,0,1,[],[],0,0,24,147.5,172,NaN,NaN,NaN,472,33.43
6609514085,Morning Activity,0,2624,0,Functional-Cardio Workout,2022-01-31,0,1,[],[],0,0,26,135.6,163,NaN,NaN,NaN,539,43.73
6601923761,Afternoon Run,11.23,3645,68,Run,2022-01-29,45,1,"[30.270483316853642, -97.76933130808175]","[30.270343339070678, -97.76992432773113]",3.17,5.288,22,166.9,189,86.2,143.8,126.2,1036,60.75
6592352751,Afternoon Activity,0,2306,0,Functional-Cardio Workout,2022-01-27,0,1,[],[],0,0,24,142.3,173,NaN,NaN,NaN,513,38.43
6587272504,Afternoon Run,5.18,1668,42,Run,2022-01-26,7,1,"[30.38700836710632, -97.73691731505096]","[30.389025304466486, -97.7358983270824]",3.109,5.666,16,163.2,187,84.7,272.8,247.4,459,27.8
6582301463,Afternoon Activity,0,2453,0,Functional-Cardio Workout,2022-01-25,0,1,[],[],0,0,26,145,183,NaN,NaN,NaN,562,40.88
6576877944,Afternoon Activity,0,2595,0,Functional-Cardio Workout,2022-01-24,0,1,[],[],0,0,24,139.7,176,NaN,NaN,NaN,560,43.25
6572219564,Evening Activity,0,1739,0,Functional-Cardio Workout,2022-01-24,0,1,[],[],0,0,25,149.1,179,NaN,NaN,NaN,416,28.98
6565761006,Afternoon Activity,0,2601,0,Functional-Cardio Workout,2022-01-22,0,1,[],[],0,0,24,147.5,174,NaN,NaN,NaN,612,43.35
6556096899,Afternoon Activity,0,2673,0,Functional-Cardio Workout,2022-01-20,0,1,[],[],0,0,22,138.7,182,NaN,212.8,184,570,44.55
6551101346,Afternoon Activity,0,2254,0,Functional-Cardio Workout,2022-01-19,0,1,[],[],0,0,29,141.7,168,NaN,255,222.6,498,37.57
6545744192,Afternoon Activity,0,2525,0,Functional-Cardio Workout,2022-01-18,0,1,[],[],0,0,28,136.4,173,NaN,260.4,235,524,42.08
6541169630,Afternoon Activity,0,2395,0,Functional-Cardio Workout,2022-01-17,0,1,[],[],0,0,28,136.7,165,NaN,237.2,215.8,499,39.92
6529773104,Afternoon Run,17.87,6986,181,Run,2022-01-15,46,1,"[30.270801074802876, -97.76975367218256]","[30.27051592245698, -97.7699916344136]",2.558,5.128,16,170,189,84.4,145,119.2,2040,116.43
6524711421,Evening Activity,0,2138,0,Functional-Cardio Workout,2022-01-15,0,1,[],[],0,0,28,147.9,179,NaN,278.8,251.4,506,35.63
6519829362,Afternoon Activity,0,2152,0,Functional-Cardio Workout,2022-01-13,0,1,[],[],0,0,26,145.1,182,NaN,286.2,258.2,494,35.87
6514955025,Evening Activity,0,2122,0,Functional-Cardio Workout,2022-01-13,0,1,[],[],0,0,25,152.1,188,NaN,280.8,253.8,524,35.37
6503562098,Afternoon Activity,0,1982,0,Functional-Cardio Workout,2022-01-10,0,1,[],[],0,0,27,141.2,182,NaN,122.8,112.6,435,33.03
6493436944,Afternoon Activity,0,2228,0,Functional-Cardio Workout,2022-01-08,0,1,[],[],0,0,28,142.5,181,NaN,159.6,149,497,37.13
6484077795,Afternoon Run,5.21,2066,14,Run,2022-01-06,0,1,"[27.46767757460475, -99.50627915561199]","[27.467761477455497, -99.50694425962865]",2.558,4.332,27,158.3,180,82.1,152.8,142.4,543,34.43
6478724574,Afternoon Activity,0,1405,0,Functional-Cardio Workout,2022-01-05,0,1,[],[],0,0,28,145.2,169,NaN,149.2,141.8,323,23.42
6474137832,Afternoon Activity,0,2090,0,Functional-Cardio Workout,2022-01-04,0,1,[],[],0,0,27,131,176,NaN,149.4,140.2,405,34.83
6468772697,Afternoon Activity,0,1663,0,Functional-Cardio Workout,2022-01-03,0,1,[],[],0,0,27,136,168,NaN,142.6,136.4,344,27.72
6457010117,Morning Activity,0,1823,0,Functional-Cardio Workout,2022-01-01,0,1,[],[],0,0,29,129.9,170,NaN,120,111.8,349,30.38
6452964275,Lunch Activity,0,1205,0,Functional-Cardio Workout,2021-12-31,0,1,[],[],0,0,29,118.3,158,NaN,186.2,179.8,195,20.08
6442496042,Morning Run,13.66,6069,43,Run,2021-12-29,0,1,"[27.466964777559042, -99.50583818368614]","[27.46692613698542, -99.50687636621296]",2.258,4.956,20,150.3,173,82.4,136.8,106.8,1472,101.15
6393201866,Evening Activity,0,1475,0,Functional-Cardio Workout,2021-12-17,0,1,[],[],0,0,28,140.2,162,NaN,246.8,236,320,24.58
6386754321,Morning Activity,0,2322,0,Functional-Cardio Workout,2021-12-15,0,1,[],[],0,0,27,132.7,172,NaN,263.6,246.4,460,38.7
6382556153,Morning Activity,0,1772,0,Functional-Cardio Workout,2021-12-14,0,1,[],[],0,0,26,138.5,176,NaN,275,250.6,377,29.53
6380894530,Evening Activity,0,2247,0,Functional-Cardio Workout,2021-12-14,0,1,[],[],0,0,26,148.2,176,NaN,287.4,258.4,533,37.45
6368099926,Afternoon Run,11.04,4067,61,Run,2021-12-10,25,1,"[30.272430516779423, -97.772231195122]","[30.27300107292831, -97.77212793007493]",2.756,4.532,28,156,175,84.1,145.2,130.6,1044,67.78
6364721341,Evening Activity,0,1275,0,Functional-Cardio Workout,2021-12-10,0,1,[],[],0,0,28,144,174,NaN,269.4,241.2,289,21.25
6358562496,Morning Activity,0,1971,0,Functional-Cardio Workout,2021-12-08,0,1,[],[],0,0,23,150.2,180,NaN,230.4,203.4,477,32.85
6356762166,Afternoon Activity,0,2488,0,Functional-Cardio Workout,2021-12-07,0,1,[],[],0,0,25,147.3,175,NaN,249.4,220.6,585,41.47
6352587859,Afternoon Activity,0,2241,0,Functional-Cardio Workout,2021-12-06,0,1,[],[],0,0,24,138.8,182,NaN,227.8,198,479,37.35
6348489598,Afternoon Activity,0,1088,0,Functional-Cardio Workout,2021-12-05,0,1,[],[],0,0,29,146.4,166,NaN,263.6,259.8,253,18.13
6348489443,Afternoon Ride,7.64,3618,115,Ride,2021-12-05,2,1,"[30.505062025040388, -97.78261100873351]","[30.505672562867403, -97.78286037035286]",2.602,6.402,30,149.1,172,NaN,275.2,247.2,866,60.3
6339167286,Afternoon Run,5.5,2403,64,Run,2021-12-03,2,1,"[30.38893603719771, -97.73580444976687]","[30.38904743269086, -97.73580084554851]",2.682,5.053,26,155,174,85,263.8,222.4,611,40.05
6333904871,Morning Activity,0,2465,0,Functional-Cardio Workout,2021-12-02,0,1,[],[],0,0,26,151.7,179,NaN,250.4,224.8,606,41.08
6332265190,Morning Activity,0,2359,0,Functional-Cardio Workout,2021-12-01,0,1,[],[],0,0,25,142.7,176,NaN,247.6,220.4,527,39.32
6327695126,Afternoon Activity,0,2286,0,Functional-Cardio Workout,2021-11-30,0,1,[],[],0,0,26,143.7,188,NaN,259.6,227.4,516,38.1
6323497045,Afternoon Activity,0,2361,0,Functional-Cardio Workout,2021-11-29,0,1,[],[],0,0,26,154.8,181,NaN,249.8,231.8,599,39.35
6319850648,Afternoon Walk,4.24,4645,33,Walk,2021-11-28,0,1,"[30.389289166778326, -97.7391305565834]","[30.389052042737603, -97.7357910387218]",1.144,2.157,29,93.8,118,51,260.4,240.6,467,77.42
6306970396,Lunch Run,10.78,4257,90,Run,2021-11-25,5,1,"[30.2728081215173, -97.77206397615373]","[30.272704856470227, -97.77254031971097]",2.681,4.155,21,161.1,180,84.2,150.8,135.4,1148,70.95
6301002709,Morning Activity,0,2655,0,Functional-Cardio Workout,2021-11-24,0,1,[],[],0,0,24,148.1,175,NaN,283.6,251.8,629,44.25
6299049799,Afternoon Activity,0,2174,0,Functional-Cardio Workout,2021-11-23,0,1,[],[],0,0,25,140.7,187,NaN,287.2,261.8,475,36.23
6294657213,Evening Activity,0,1535,0,Functional-Cardio Workout,2021-11-23,0,1,[],[],0,0,28,146.5,170,NaN,259.6,249.4,358,25.58
6278708584,Morning Activity,0,1803,0,Functional-Cardio Workout,2021-11-19,0,1,[],[],0,0,23,139,180,NaN,224,201.4,386,30.05
6274567234,Morning Activity,0,2507,0,Functional-Cardio Workout,2021-11-18,0,1,[],[],0,0,25,142.7,181,NaN,233.6,196,560,41.78
6272308149,Afternoon Activity,0,2243,0,Functional-Cardio Workout,2021-11-17,0,1,[],[],0,0,31,155.9,182,NaN,234,218.4,575,37.38
6265449642,Morning Activity,0,2247,0,Functional-Cardio Workout,2021-11-16,0,1,[],[],0,0,27,141.4,181,NaN,336.6,304.4,495,37.45
6260985080,Morning Activity,0,2634,0,Functional-Cardio Workout,2021-11-15,0,1,[],[],0,0,25,144.7,181,NaN,346.6,312.8,602,43.9
6242932766,Morning Activity,0,2510,0,Functional-Cardio Workout,2021-11-11,0,1,[],[],0,0,27,139.1,176,NaN,242.2,204.2,538,41.83
6241015427,Evening Activity,0,2222,0,Functional-Cardio Workout,2021-11-11,0,1,[],[],0,0,29,145.9,176,NaN,259.4,223.6,514,37.03
6236427447,Afternoon Activity,0,2716,0,Functional-Cardio Workout,2021-11-09,0,1,[],[],0,0,28,143.9,181,NaN,222.6,186.8,615,45.27
6231412576,Afternoon Activity,0,2142,0,Functional-Cardio Workout,2021-11-08,0,1,[],[],0,0,27,147.4,175,NaN,222.8,200.4,504,35.7
6217154236,Evening Run,9.08,3680,35,Run,2021-11-05,0,1,"[27.467458806931973, -99.50664385221899]","[27.46687425300479, -99.50647654943168]",2.476,4.042,21,152.1,176,81.8,130.4,112.4,909,61.33
6208599412,Evening Activity,0,1811,0,Functional-Cardio Workout,2021-11-03,0,1,[],[],0,0,26,144.8,169,NaN,174.8,165.2,414,30.18
6201005712,Morning Activity,0,2267,0,Functional-Cardio Workout,2021-11-02,0,1,[],[],0,0,26,143.4,183,NaN,256.8,229,510,37.78
6196530325,Morning Activity,0,2500,0,Functional-Cardio Workout,2021-11-01,0,1,[],[],0,0,26,140.8,185,NaN,238.8,210,547,41.67
6194104705,Afternoon Activity,0,332,0,Functional-Cardio Workout,2021-10-31,0,1,[],[],0,0,31,93.5,104,NaN,NaN,NaN,33,5.53
6189835588,Afternoon Activity,0,2652,0,Functional-Cardio Workout,2021-10-30,0,1,[],[],0,0,30,139.8,176,NaN,254.6,232.2,573,44.2
6176293698,Afternoon Activity,0,1754,0,Functional-Cardio Workout,2021-10-27,0,1,[],[],0,0,28,142.9,177,NaN,240.8,213.6,393,29.23
6171676290,Evening Activity,0,1958,0,Functional-Cardio Workout,2021-10-26,0,1,[],[],0,0,30,146.1,175,NaN,247.8,232.8,454,32.63
6166756551,Evening Activity,0,2671,0,Functional-Cardio Workout,2021-10-25,0,1,[],[],0,0,30,148,183,NaN,245.4,166.6,632,44.52
6152072381,Evening Run,5.12,1761,33,Run,2021-10-22,2,1,"[30.38664928637445, -97.73764863610268]","[30.388977779075503, -97.73594534955919]",3.193,5.792,27,165.9,181,84.3,285.2,249.6,496,29.35
6149669381,Morning Activity,0,1561,0,Functional-Cardio Workout,2021-10-22,0,1,[],[],0,0,27,139.1,175,NaN,283,265,335,26.02
6145224737,Morning Activity,0,1767,0,Functional-Cardio Workout,2021-10-21,0,1,[],[],0,0,27,136.7,173,NaN,269.2,248.2,368,29.45
6135662698,Morning Activity,0,2334,0,Functional-Cardio Workout,2021-10-19,0,1,[],[],0,0,27,149.7,176,NaN,258,234.6,562,38.9
6130934413,Morning Activity,0,1723,0,Functional-Cardio Workout,2021-10-18,0,1,[],[],0,0,24,141.8,178,NaN,262.2,241.8,381,28.72
6123669764,Evening Walk,4.69,3056,46,Walk,2021-10-16,0,1,"[30.263444, -97.747713]","[30.268462, -97.773361]",1.634,18.6,27,102.4,122,56.3,159.6,131.6,373,50.93
6123525748,Afternoon Activity,0,951,0,Functional-Cardio Workout,2021-10-16,0,1,[],[],0,0,30,127.7,161,NaN,130.6,130.6,177,15.85
6123464432,Afternoon Walk,3.53,2835,19,Walk,2021-10-16,0,1,"[30.272324, -97.771993]","[30.262489, -97.749132]",1.32,2,27,94.3,115,55.3,147.8,133.2,288,47.25
6118500866,Evening Run,5.3,2099,51,Run,2021-10-15,0,1,"[30.387082, -97.737662]","[30.389067, -97.73583]",2.747,4.6,25,153.4,177,81.4,253,229.8,525,34.98
6109756279,Evening Activity,0,2211,0,Functional-Cardio Workout,2021-10-14,0,1,[],[],0,0,31,146.5,186,NaN,263.4,244,515,36.85
6101933499,Morning Activity,0,2338,0,Functional-Cardio Workout,2021-10-12,0,1,[],[],0,0,28,136.2,180,NaN,257.4,239.4,484,38.97
6099896505,Evening Activity,0,2013,0,Functional-Cardio Workout,2021-10-12,0,1,[],[],0,0,31,136.5,180,NaN,223.4,203.2,418,33.55
6076948576,Morning Activity,0,1955,0,Functional-Cardio Workout,2021-10-07,0,1,[],[],0,0,27,140.8,179,NaN,262.2,246.6,427,32.58
6074918104,Evening Activity,0,1856,0,Functional-Cardio Workout,2021-10-06,0,1,[],[],0,0,28,166,188,NaN,272.8,249.6,523,30.93
6066841090,Morning Activity,0,1646,0,Functional-Cardio Workout,2021-10-05,0,1,[],[],0,0,26,136.7,182,NaN,264.8,248.8,343,27.43
6062016496,Morning Activity,0,1644,0,Functional-Cardio Workout,2021-10-04,0,1,[],[],0,0,27,138.1,180,NaN,276.2,259.6,348,27.4
6042455491,Morning Activity,0,2054,0,Functional-Cardio Workout,2021-09-30,0,1,[],[],0,0,30,136.1,169,NaN,248.4,226.8,425,34.23
6040364975,Evening Activity,0,1387,0,Functional-Cardio Workout,2021-09-29,0,1,[],[],0,0,31,159.2,184,NaN,256,242.4,367,23.12
6032252465,Morning Activity,0,1547,0,Functional-Cardio Workout,2021-09-28,0,1,[],[],0,0,28,134.8,182,NaN,256.2,243,315,25.78
6027161553,Morning Activity,0,1620,0,Functional-Cardio Workout,2021-09-27,0,1,[],[],0,0,28,138.5,180,NaN,255.6,241.6,345,27
6019326962,Evening Run,4.84,1643,26,Run,2021-09-25,1,1,"[30.272477, -97.772306]","[30.273022, -97.772284]",2.96,4.9,30,170.5,188,83.8,142.6,132,482,27.38
6014339215,Evening Activity,0,2235,0,Functional-Cardio Workout,2021-09-25,0,1,[],[],0,0,31,142.8,173,NaN,256.8,237.8,500,37.25
6009007642,Afternoon Activity,0,2746,0,Functional-Cardio Workout,2021-09-23,0,1,[],[],0,0,32,144.4,179,NaN,252.8,239.2,625,45.77
6000996243,Morning Activity,0,2403,0,Functional-Cardio Workout,2021-09-22,0,1,[],[],0,0,27,130.2,177,NaN,261.8,246.8,461,40.05
5995467254,Morning Activity,0,1502,0,Functional-Cardio Workout,2021-09-21,0,1,[],[],0,0,30,143.8,175,NaN,258.2,236.8,340,25.03
5990361792,Morning Activity,0,1966,0,Functional-Cardio Workout,2021-09-20,0,1,[],[],0,0,30,142.8,170,NaN,255,241,440,32.77
5977670237,Night Activity,0,1148,0,Functional-Cardio Workout,2021-09-18,0,1,[],[],0,0,32,102,126,NaN,139,135.8,139,19.13
5972356129,Evening Activity,0,2306,0,Functional-Cardio Workout,2021-09-16,0,1,[],[],0,0,33,151.2,177,NaN,131.4,126.8,564,38.43
5965175665,Lunch Activity,0,1904,0,Functional-Cardio Workout,2021-09-15,0,1,[],[],0,0,33,141.9,174,NaN,126.4,116.8,422,31.73
5953199645,Morning Activity,0,2141,0,Functional-Cardio Workout,2021-09-13,0,1,[],[],0,0,31,132.7,168,NaN,128.2,115.8,424,35.68
5939701019,Evening Walk,2.54,2565,1,Walk,2021-09-11,0,1,"[27.467838, -99.50668]","[27.467772, -99.506928]",0.989,1.4,33,86.3,96,47.8,131,128.8,209,42.75
5934807167,Evening Activity,0,2439,0,Functional-Cardio Workout,2021-09-09,0,1,[],[],0,0,34,131.5,162,NaN,124.6,114.2,476,40.65
5929763974,Evening Activity,0,2493,0,Functional-Cardio Workout,2021-09-09,0,1,[],[],0,0,34,131.9,177,NaN,128,113.8,489,41.55
5924075634,Evening Activity,0,2692,0,Functional-Cardio Workout,2021-09-08,0,1,[],[],0,0,33,146.9,192,NaN,134.4,119.8,630,44.87
5900809934,Afternoon Activity,0,2434,0,Functional-Cardio Workout,2021-09-03,0,1,[],[],0,0,35,142.3,177,NaN,125.2,125.2,541,40.57
5896904496,Evening Activity,0,1070,0,Functional-Cardio Workout,2021-09-03,0,1,[],[],0,0,33,86.8,107,NaN,134.4,131,89,17.83
5890809973,Evening Activity,0,1968,0,Functional-Cardio Workout,2021-09-01,0,1,[],[],0,0,35,139.2,184,NaN,125.6,125.6,422,32.8
5885467592,Evening Walk,0.72,715,0,Walk,2021-09-01,0,1,"[27.467715, -99.506174]","[27.467814, -99.507407]",1.011,1.7,34,96.4,109,50.3,109,102.6,77,11.92
5885137338,Afternoon Activity,0,1809,0,Functional-Cardio Workout,2021-08-31,0,1,[],[],0,0,35,131.1,163,NaN,108,97,351,30.15
5879082229,Afternoon Activity,0,2567,0,Functional-Cardio Workout,2021-08-30,0,1,[],[],0,0,36,146.2,178,NaN,115.4,102.6,596,42.78
5863950360,Evening Activity,0,1529,0,Functional-Cardio Workout,2021-08-28,0,1,[],[],0,0,34,115,149,NaN,124.4,121.8,235,25.48
5859218764,Evening Activity,0,2448,0,Functional-Cardio Workout,2021-08-27,0,1,[],[],0,0,34,83.9,121,NaN,130,130,185,40.8
5853763657,Evening Activity,0,2146,0,Functional-Cardio Workout,2021-08-25,0,1,[],[],0,0,35,147.9,177,NaN,140.2,125.2,507,35.77
5847520331,Afternoon Activity,0,2131,0,Functional-Cardio Workout,2021-08-24,0,1,[],[],0,0,37,152.5,174,NaN,130.2,127.4,529,35.52
5842495083,Evening Activity,0,1858,0,Functional-Cardio Workout,2021-08-24,0,1,[],[],0,0,34,132.9,177,NaN,113,113,369,30.97
5825946864,Evening Activity,0,3149,0,Functional-Cardio Workout,2021-08-20,0,1,[],[],0,0,35,141.3,184,NaN,84.2,84.2,692,52.48
5821067108,Evening Walk,3.11,2145,0,Walk,2021-08-19,0,1,"[27.467712, -99.506546]","[27.479623, -99.506671]",1.559,10.8,36,102.6,112,47.4,134.4,108.6,263,35.75
5818098347,Morning Activity,0,1877,0,Functional-Cardio Workout,2021-08-19,0,1,[],[],0,0,33,118,175,NaN,123,123,303,31.28
5815699476,Evening Activity,0,1786,0,Functional-Cardio Workout,2021-08-19,0,1,[],[],0,0,35,148.6,190,NaN,127.4,119.6,425,29.77
5804265383,Afternoon Activity,0,1621,0,Functional-Cardio Workout,2021-08-16,0,1,[],[],0,0,35,123.2,171,NaN,134.2,134.2,283,27.02
5787866234,Afternoon Activity,0,2627,0,Functional-Cardio Workout,2021-08-13,0,1,[],[],0,0,35,153.4,185,NaN,140.8,127.2,657,43.78
5783620797,Evening Activity,0,1640,0,Functional-Cardio Workout,2021-08-13,0,1,[],[],0,0,33,91,114,NaN,120,120,153,27.33
5776297704,Lunch Activity,0,1922,0,Functional-Cardio Workout,2021-08-11,0,1,[],[],0,0,34,150.6,179,NaN,63,58,468,32.03
5772699412,Evening Activity,0,1874,0,Functional-Cardio Workout,2021-08-11,0,1,[],[],0,0,33,111.2,148,NaN,97,91.2,270,31.23
5758853482,Morning Activity,0,3604,0,Functional-Cardio Workout,2021-08-08,0,1,[],[],0,0,30,128.3,181,NaN,98.6,90.4,675,60.07
5750410557,Afternoon Activity,0,2919,0,Functional-Cardio Workout,2021-08-06,0,1,[],[],0,0,35,112.6,152,NaN,61,47.8,431,48.65
5740377305,Afternoon Activity,0,3012,0,Functional-Cardio Workout,2021-08-04,0,1,[],[],0,0,34,141.6,178,NaN,102.2,83,665,50.2
5735175604,Evening Walk,1.09,1068,1,Walk,2021-08-04,0,1,"[27.46776, -99.506584]","[27.467724, -99.507393]",1.02,1.6,31,81.2,96,48.2,146.6,118.8,74,17.8
5735077707,Evening Activity,0,161,0,Functional-Cardio Workout,2021-08-04,0,1,[],[],0,0,33,84.9,98,NaN,146.6,146.6,13,2.68
5728928772,Afternoon Activity,0,2207,0,Functional-Cardio Workout,2021-08-02,0,1,[],[],0,0,35,143.4,173,NaN,148.4,137.8,497,36.78
5713329937,Evening Ride,0,3670,0,Ride,2021-07-31,0,1,[],[],0,0,30,110.9,134,NaN,NaN,NaN,527,61.17
5703513415,Evening Walk,1.64,2316,2,Walk,2021-07-29,0,1,"[27.467717, -99.50676]","[27.467654, -99.506687]",0.935,2,34,105.7,130,48.4,98.6,96.6,302,38.6
5703338747,Evening Activity,0,1577,0,Functional-Cardio Workout,2021-07-28,0,1,[],[],0,0,35,126.8,180,NaN,96.6,96.6,289,26.28
5698020487,Evening Activity,0,1785,0,WeightTraining,2021-07-27,0,1,[],[],0,0,35,98.2,126,NaN,NaN,NaN,199,29.75
5693357615,Evening Activity,0,2470,0,Functional-Cardio Workout,2021-07-27,0,1,[],[],0,0,33,146.8,176,NaN,117.6,117.6,577,41.17
5686841946,Afternoon Activity,0,1329,0,Functional-Cardio Workout,2021-07-25,0,1,[],[],0,0,37,142.1,176,NaN,132.6,132.6,295,22.15
5676518308,Evening Activity,0,3198,0,WeightTraining,2021-07-23,0,1,[],[],0,0,35,90.2,110,NaN,NaN,NaN,292,53.3
5671778037,Evening Activity,0,2463,0,Functional-Cardio Workout,2021-07-23,0,1,[],[],0,0,34,128.8,184,NaN,115.8,112.8,464,41.05
5664823642,Lunch Activity,0,2296,0,Functional-Cardio Workout,2021-07-21,0,1,[],[],0,0,35,133.8,172,NaN,102.2,102.2,462,38.27
5654185186,Afternoon Activity,0,2483,0,Functional-Cardio Workout,2021-07-19,0,1,[],[],0,0,36,160,187,NaN,130.4,130.4,663,41.38
5638909524,Evening Activity,0,2407,0,Functional-Cardio Workout,2021-07-16,0,1,[],[],0,0,34,143.1,187,NaN,121.8,121.8,540,40.12
5633806543,Afternoon Activity,0,1587,0,Functional-Cardio Workout,2021-07-15,0,1,[],[],0,0,34,143.2,176,NaN,177.6,177.6,357,26.45
5565733254,Evening Activity,0,2060,0,Functional-Cardio Workout,2021-07-03,0,1,[],[],0,0,34,140.4,171,NaN,154.2,137.8,448,34.33
5560058468,Afternoon Activity,0,4343,0,Functional-Cardio Workout,2021-07-01,0,1,[],[],0,0,34,145.9,181,NaN,81.4,66,1005,72.38
5554215757,Lunch Activity,0,2604,0,Functional-Cardio Workout,2021-06-30,0,1,[],[],0,0,31,120.3,173,NaN,74.6,62.6,435,43.4
5549420628,Afternoon Activity,0,927,0,Functional-Cardio Workout,2021-06-29,0,1,[],[],0,0,31,139.6,180,NaN,113.6,104.4,200,15.45
5545512088,Evening Activity,0,1698,0,Functional-Cardio Workout,2021-06-29,0,1,[],[],0,0,32,136.4,166,NaN,125.6,125.6,352,28.3
5528088779,Lunch Activity,0,2140,0,Functional-Cardio Workout,2021-06-25,0,1,[],[],0,0,35,154.1,174,NaN,83.6,74.2,539,35.67
5525210690,Evening Activity,0,3103,0,WeightTraining,2021-06-25,0,1,[],[],0,0,33,102.4,127,NaN,NaN,NaN,379,51.72
5519604289,Evening Walk,2.23,3009,20,Walk,2021-06-24,0,1,"[27.467756, -99.506104]","[27.467731, -99.506918]",0.943,1.9,32,93.9,130,47.3,116.6,112.2,303,50.15
5519405861,Evening Activity,0,3822,0,Functional-Cardio Workout,2021-06-23,0,1,[],[],0,0,33,141.8,174,NaN,123.4,106.8,845,63.7
5513792357,Afternoon Activity,0,3076,0,Functional-Cardio Workout,2021-06-22,0,1,[],[],0,0,31,134.1,168,NaN,132,99,621,51.27
5492692239,Evening Walk,2.47,3063,11,Walk,2021-06-19,0,1,"[27.467592, -99.505882]","[27.467979, -99.506835]",0.849,1.5,34,90.8,120,48,99.4,96.8,285,51.05
5492415487,Evening Activity,0,1930,0,Functional-Cardio Workout,2021-06-18,0,1,[],[],0,0,33,132.5,172,NaN,97.4,97.4,382,32.17
5487741554,Afternoon Activity,0,3256,0,Functional-Cardio Workout,2021-06-17,0,1,[],[],0,0,34,144.9,183,NaN,95.6,95.6,745,54.27
5482573251,Afternoon Activity,0,2469,0,WeightTraining,2021-06-16,0,1,[],[],0,0,35,110.6,138,NaN,NaN,NaN,352,41.15
5471646872,Night Activity,0,3626,0,Functional-Cardio Workout,2021-06-15,0,1,[],[],0,0,33,153.4,177,NaN,143,123.8,908,60.43
5448019778,Afternoon Activity,0,2078,0,Functional-Cardio Workout,2021-06-10,0,1,[],[],0,0,35,155.7,168,NaN,139,126.2,532,34.63
5437694761,Afternoon Activity,0,1313,0,Functional-Cardio Workout,2021-06-08,0,1,[],[],0,0,35,132.4,173,NaN,93.4,79.6,259,21.88
5431611639,Afternoon Activity,0,3322,0,Functional-Cardio Workout,2021-06-07,0,1,[],[],0,0,37,157.6,183,NaN,115.4,103.2,867,55.37
5413394300,Lunch Activity,0,3634,0,Functional-Cardio Workout,2021-06-04,0,1,[],[],0,0,32,149.1,183,NaN,108,94.4,870,60.57
5403837645,Afternoon Activity,0,2074,0,Functional-Cardio Workout,2021-06-02,0,1,[],[],0,0,35,137.5,185,NaN,135,118.6,436,34.57
5397331100,Afternoon Activity,0,1889,0,Functional-Cardio Workout,2021-06-01,0,1,[],[],0,0,32,150.5,174,NaN,150,135.6,459,31.48
5391320188,Afternoon Activity,0,3415,0,Functional-Cardio Workout,2021-05-31,0,1,[],[],0,0,34,109.5,155,NaN,106.6,106.6,478,56.92
5373437603,Afternoon Activity,0,2022,0,Functional-Cardio Workout,2021-05-28,0,1,[],[],0,0,35,143,182,NaN,0.2,-19.4,453,33.7
5369005403,Afternoon Activity,0,2267,0,Functional-Cardio Workout,2021-05-27,0,1,[],[],0,0,36,138.6,175,NaN,-0.6,-11,483,37.78
5363798845,Afternoon Activity,0,1856,0,Functional-Cardio Workout,2021-05-26,0,1,[],[],0,0,35,132.3,169,NaN,4.8,4.8,366,30.93
5358675721,Evening Activity,0,3824,0,Functional-Cardio Workout,2021-05-25,0,1,[],[],0,0,33,127.7,183,NaN,48.2,48.2,710,63.73
5357931763,Afternoon Activity,0,1473,0,Functional-Cardio Workout,2021-05-25,0,1,[],[],0,0,35,150.4,174,NaN,44.6,44.6,358,24.55
5352289456,Afternoon Activity,0,2325,0,Functional-Cardio Workout,2021-05-24,0,1,[],[],0,0,35,146.6,174,NaN,54.4,40.4,542,38.75
5340826688,Lunch Activity,0,4892,0,WeightTraining,2021-05-22,0,1,[],[],0,0,34,106.8,160,NaN,NaN,NaN,651,81.53
5335683743,Afternoon Activity,0,2590,0,Functional-Cardio Workout,2021-05-21,0,1,[],[],0,0,34,147.7,174,NaN,7,-2,611,43.17
5325671228,Afternoon Activity,0,2495,0,Functional-Cardio Workout,2021-05-19,0,1,[],[],0,0,33,142.2,178,NaN,99.4,82.8,554,41.58
5320430365,Afternoon Activity,0,1826,0,Functional-Cardio Workout,2021-05-18,0,1,[],[],0,0,35,150.9,187,NaN,165,155.4,446,30.43
5313699677,Lunch Activity,0,3462,0,Functional-Cardio Workout,2021-05-17,0,1,[],[],0,0,37,157.5,181,NaN,172,159.2,902,57.7
5296852005,Lunch Activity,0,2695,0,Functional-Cardio Workout,2021-05-14,0,1,[],[],0,0,34,151.3,183,NaN,141,123.8,660,44.92
5291883344,Afternoon Activity,0,2515,0,Functional-Cardio Workout,2021-05-13,0,1,[],[],0,0,32,131.3,166,NaN,117.2,117.2,490,41.92
5285057593,Morning Run,11.02,4578,42,Run,2021-05-12,0,1,"[27.467784, -99.506687]","[27.467267, -99.505894]",2.416,4.1,22,166.9,187,84.6,95.2,75.8,1301,76.3
5278157571,Morning Activity,0,3300,0,Functional-Cardio Workout,2021-05-11,0,1,[],[],0,0,32,143.3,177,NaN,133.6,125.2,742,55
5247210159,Lunch Activity,0,2737,0,Functional-Cardio Workout,2021-05-05,0,1,[],[],0,0,33,144.8,178,NaN,121.4,121.4,626,45.62
5237194093,Lunch Activity,0,4052,0,Functional-Cardio Workout,2021-05-03,0,1,[],[],0,0,35,140.8,184,NaN,236.4,227.6,886,67.53
5214820639,Afternoon Activity,0,3003,0,Functional-Cardio Workout,2021-04-29,0,1,[],[],0,0,33,136.5,172,NaN,75.2,75.2,624,50.05
5210895183,Night Activity,0,2774,0,Functional-Cardio Workout,2021-04-29,0,1,[],[],0,0,33,130.9,160,NaN,141.6,126.6,537,46.23
5205093412,Evening Activity,0,2298,0,Functional-Cardio Workout,2021-04-28,0,1,[],[],0,0,32,141.5,174,NaN,153.2,147,506,38.3
5196683003,Morning Activity,0,3176,0,Functional-Cardio Workout,2021-04-26,0,1,[],[],0,0,33,127.7,178,NaN,125.2,117.2,590,52.93
5179739192,Afternoon Activity,0,3501,0,WeightTraining,2021-04-23,0,1,[],[],0,0,34,107.1,134,NaN,NaN,NaN,469,58.35
5169370331,Afternoon Activity,0,2148,0,Functional-Cardio Workout,2021-04-21,0,1,[],[],0,0,32,101.7,150,NaN,111.8,111.8,259,35.8
5163867163,Evening Activity,0,2681,0,Functional-Cardio Workout,2021-04-20,0,1,[],[],0,0,32,136.8,171,NaN,144.2,144.2,559,44.68
5156608015,Afternoon Activity,0,2959,0,Functional-Cardio Workout,2021-04-19,0,1,[],[],0,0,33,113.6,144,NaN,138.2,138.2,445,49.32
5152337963,Evening Activity,0,1141,0,Functional-Cardio Workout,2021-04-19,0,1,[],[],0,0,30,106.8,144,NaN,138.2,138.2,152,19.02
5139234747,Afternoon Activity,0,6863,0,Functional-Cardio Workout,2021-04-16,0,1,[],[],0,0,27,141.6,187,NaN,130.6,130.6,1514,114.38
5133993504,Afternoon Activity,0,2474,0,Functional-Cardio Workout,2021-04-15,0,1,[],[],0,0,32,154.9,188,NaN,133.4,129.8,629,41.23
5127986917,Afternoon Activity,0,2481,0,Functional-Cardio Workout,2021-04-14,0,1,[],[],0,0,35,148.9,177,NaN,92,80,593,41.35
5121828473,Afternoon Activity,0,2421,0,Functional-Cardio Workout,2021-04-13,0,1,[],[],0,0,33,142.8,181,NaN,100.4,100.4,541,40.35
5115615460,Afternoon Activity,0,2843,0,Functional-Cardio Workout,2021-04-12,0,1,[],[],0,0,35,156.5,180,NaN,124.4,124.4,734,47.38
5095684033,Morning Activity,0,2786,0,Functional-Cardio Workout,2021-04-09,0,1,[],[],0,0,31,128.3,184,NaN,131,131,522,46.43
5093004935,Afternoon Activity,0,2063,0,Functional-Cardio Workout,2021-04-08,0,1,[],[],0,0,34,146.6,176,NaN,138.8,135.2,481,34.38
5087045370,Afternoon Activity,0,2819,0,Functional-Cardio Workout,2021-04-07,0,1,[],[],0,0,35,150.7,193,NaN,100.8,100.8,686,46.98
5078917328,Morning Activity,0,2405,0,Functional-Cardio Workout,2021-04-06,0,1,[],[],0,0,29,130.5,178,NaN,131.4,131.4,464,40.08
5074876104,Morning Activity,0,3052,0,Functional-Cardio Workout,2021-04-05,0,1,[],[],0,0,31,130.1,174,NaN,127.6,127.6,585,50.87
5011166637,Evening Activity,0,1334,0,Functional-Cardio Workout,2021-03-25,0,1,[],[],0,0,32,140.3,167,NaN,63.2,63.2,290,22.23
5004418150,Afternoon Activity,0,4234,0,Functional-Cardio Workout,2021-03-24,0,1,[],[],0,0,36,146.6,176,NaN,129.4,129.4,987,70.57
4992825114,Afternoon Activity,0,3054,0,Functional-Cardio Workout,2021-03-22,0,1,[],[],0,0,32,125.7,174,NaN,143.8,143.8,552,50.9
4987694582,Afternoon Activity,0,1451,0,Functional-Cardio Workout,2021-03-21,0,1,[],[],0,0,33,117,155,NaN,116,116,230,24.18
4975447653,Evening Activity,0,1381,0,Functional-Cardio Workout,2021-03-20,0,1,[],[],0,0,30,134,165,NaN,108.8,108.8,278,23.02
4970468207,Evening Activity,0,2584,0,Functional-Cardio Workout,2021-03-19,0,1,[],[],0,0,31,129.4,168,NaN,60.8,60.8,491,43.07
4964728826,Afternoon Activity,0,1051,0,Functional-Cardio Workout,2021-03-17,0,1,[],[],0,0,32,139.8,173,NaN,96.6,96.6,227,17.52
4957528338,Lunch Run,6.04,2345,23,Run,2021-03-16,0,1,"[27.467049, -99.505957]","[27.466663, -99.506694]",2.589,3.7,29,161.9,179,84.8,120.6,107.2,637,39.08
4952868127,Afternoon Activity,0,2721,0,Functional-Cardio Workout,2021-03-15,0,1,[],[],0,0,34,131.4,168,NaN,95.8,95.8,531,45.35
4935645950,Lunch Activity,0,5503,0,Functional-Cardio Workout,2021-03-12,0,1,[],[],0,0,33,125.6,163,NaN,101.6,101.6,993,91.72
4929923924,Morning Activity,0,6720,0,Functional-Cardio Workout,2021-03-11,0,1,[],[],0,0,31,129.1,178,NaN,118.8,118.8,1272,112
4925668855,Lunch Activity,0,2929,0,Functional-Cardio Workout,2021-03-10,0,1,[],[],0,0,33,136.7,176,NaN,125.4,125.4,610,48.82
4920636848,Afternoon Activity,0,1974,0,Functional-Cardio Workout,2021-03-09,0,1,[],[],0,0,32,145.5,182,NaN,131,131,455,32.9
4915185469,Afternoon Activity,0,2176,0,Functional-Cardio Workout,2021-03-08,0,1,[],[],0,0,30,134.2,175,NaN,124.2,124.2,440,36.27
4901894948,Morning Activity,0,6193,0,Functional-Cardio Workout,2021-03-06,0,1,[],[],0,0,30,110.1,153,NaN,127.4,127.4,876,103.22
4894973720,Morning Activity,0,5834,0,Functional-Cardio Workout,2021-03-05,0,1,[],[],0,0,29,126.6,171,NaN,168.4,132,1067,97.23
4886529054,Evening Activity,0,1955,0,Functional-Cardio Workout,2021-03-04,0,1,[],[],0,0,30,122.3,180,NaN,129.8,129.8,337,32.58
4880666958,Evening Activity,0,3440,0,Functional-Cardio Workout,2021-03-03,0,1,[],[],0,0,29,132.1,173,NaN,133.4,133.4,677,57.33
4874146922,Afternoon Activity,0,2400,0,Functional-Cardio Workout,2021-03-01,0,1,[],[],0,0,27,144,177,NaN,137.4,137.4,544,40
4860987639,Lunch Activity,0,2505,0,Functional-Cardio Workout,2021-02-27,0,1,[],[],0,0,31,122.3,171,NaN,132,132,431,41.75
4855077172,Afternoon Walk,1.74,2083,12,Walk,2021-02-26,0,1,"[27.467558, -99.506018]","[27.466955, -99.506783]",0.894,1.6,30,94.5,123,46.1,130.2,126.4,213,34.72
4854893423,Afternoon Activity,0,2309,0,Functional-Cardio Workout,2021-02-26,0,1,[],[],0,0,30,129,169,NaN,127.6,124.8,436,38.48
4850701851,Evening Activity,0,995,0,Functional-Cardio Workout,2021-02-26,0,1,[],[],0,0,31,118.2,144,NaN,133.8,133.8,161,16.58
4845169334,Evening Activity,0,3393,0,Functional-Cardio Workout,2021-02-25,0,1,[],[],0,0,32,139,168,NaN,127,127,726,56.55
4838630993,Afternoon Activity,0,1289,0,Yoga,2021-02-23,0,1,[],[],0,0,29,74.6,101,NaN,NaN,NaN,67,21.48
4832500182,Afternoon Activity,0,1925,0,Functional-Cardio Workout,2021-02-22,0,1,[],[],0,0,31,142.7,172,NaN,25.8,25.8,430,32.08
4827427464,Afternoon Activity,0,1844,0,Functional-Cardio Workout,2021-02-21,0,1,[],[],0,0,31,139.7,180,NaN,49.2,49.2,398,30.73
4809641756,Afternoon Activity,0,1956,0,Functional-Cardio Workout,2021-02-18,0,1,[],[],0,0,25,146.6,182,NaN,86.4,86.4,456,32.6
4804756058,Evening Activity,0,2141,0,Functional-Cardio Workout,2021-02-18,0,1,[],[],0,0,25,147.6,181,NaN,130.2,130.2,505,35.68
4799257614,Afternoon Activity,0,1832,0,Functional-Cardio Workout,2021-02-16,0,1,[],[],0,0,23,152.8,183,NaN,164.8,159,456,30.53
4792927722,Afternoon Activity,0,2695,0,Functional-Cardio Workout,2021-02-15,0,1,[],[],0,0,26,144.3,169,NaN,111,111,613,44.92
4783185509,Afternoon Activity,0,3065,0,Functional-Cardio Workout,2021-02-13,0,1,[],[],0,0,29,100.2,142,NaN,127.6,127.6,357,51.08
4773163688,Evening Activity,0,2548,0,Functional-Cardio Workout,2021-02-12,0,1,[],[],0,0,30,113.4,156,NaN,101.8,101.8,382,42.47
4767157186,Afternoon Activity,0,1323,0,Functional-Cardio Workout,2021-02-10,0,1,[],[],0,0,32,149.2,173,NaN,128.2,128.2,317,22.05
4763079712,Evening Activity,0,2123,0,Functional-Cardio Workout,2021-02-10,0,1,[],[],0,0,32,145.6,175,NaN,134.4,134.4,490,35.38
4756274364,Lunch Activity,0,1894,0,Functional-Cardio Workout,2021-02-08,0,1,[],[],0,0,31,152.8,174,NaN,127.4,127.4,471,31.57
4747434122,Evening Activity,0,1736,0,Functional-Cardio Workout,2021-02-07,0,1,[],[],0,0,30,142.5,189,NaN,134.2,134.2,387,28.93
4741205103,Afternoon Activity,0,2504,0,Functional-Cardio Workout,2021-02-05,0,1,[],[],0,0,30,134,164,NaN,132.8,132.8,505,41.73
4734128026,Lunch Activity,0,1384,0,Functional-Cardio Workout,2021-02-04,0,1,[],[],0,0,31,135,170,NaN,124.2,124.2,282,23.07
4730136600,Afternoon Activity,0,2218,0,Functional-Cardio Workout,2021-02-03,0,1,[],[],0,0,31,152.4,179,NaN,124.2,124.2,550,36.97
4724827491,Afternoon Activity,0,1802,0,Functional-Cardio Workout,2021-02-02,0,1,[],[],0,0,30,145,188,NaN,124.2,124.2,413,30.03
4718449246,Lunch Activity,0,2403,0,Functional-Cardio Workout,2021-02-01,0,1,[],[],0,0,31,133,179,NaN,124.2,124.2,478,40.05
4707904863,Afternoon Activity,0,2304,0,Functional-Cardio Workout,2021-01-30,0,1,[],[],0,0,31,140.2,173,NaN,121.2,121.2,500,38.4
4702683752,Evening Activity,0,2687,0,Functional-Cardio Workout,2021-01-30,0,1,[],[],0,0,29,134.2,178,NaN,121.2,121.2,543,44.78
4697880004,Evening Activity,0,3682,0,Functional-Cardio Workout,2021-01-29,0,1,[],[],0,0,29,143.8,174,NaN,122.4,122.4,833,61.37
4697090333,Afternoon Activity,0,364,0,Functional-Cardio Workout,2021-01-28,0,1,[],[],0,0,30,68.8,81,NaN,NaN,NaN,14,6.07
4691366730,Lunch Activity,0,3493,0,Functional-Cardio Workout,2021-01-27,0,1,[],[],0,0,33,127.7,169,NaN,122.4,122.4,649,58.22
4684363148,Morning Activity,0,2464,0,Functional-Cardio Workout,2021-01-26,0,1,[],[],0,0,27,142.7,185,NaN,127.4,127.4,550,41.07
4681572902,Afternoon Activity,0,1263,0,Functional-Cardio Workout,2021-01-25,0,1,[],[],0,0,31,140.5,178,NaN,124.4,124.4,275,21.05
4676730531,Afternoon Activity,0,2484,0,Functional-Cardio Workout,2021-01-24,0,1,[],[],0,0,32,149.4,190,NaN,127.4,127.4,597,41.4
4670974590,Evening Activity,0,1971,0,Functional-Cardio Workout,2021-01-24,0,1,[],[],0,0,29,96.5,132,NaN,133.2,133.2,211,32.85
4664901973,Evening Activity,0,1845,0,Functional-Cardio Workout,2021-01-23,0,1,[],[],0,0,29,149.1,191,NaN,134.4,134.4,442,30.75
4659292830,Afternoon Activity,0,2661,0,Functional-Cardio Workout,2021-01-21,0,1,[],[],0,0,29,138.3,182,NaN,126.8,126.8,565,44.35
4654675027,Afternoon Activity,0,1921,0,Functional-Cardio Workout,2021-01-20,0,1,[],[],0,0,27,146.2,183,NaN,115.2,115.2,446,32.02
4648822139,Afternoon Activity,0,2632,0,Functional-Cardio Workout,2021-01-19,0,1,[],[],0,0,29,133.9,179,NaN,117.2,117.2,530,43.87
4643647780,Afternoon Activity,0,3547,0,Functional-Cardio Workout,2021-01-18,0,1,[],[],0,0,31,141.9,184,NaN,127.4,127.4,785,59.12
4632067500,Afternoon Activity,0,1963,0,Functional-Cardio Workout,2021-01-16,0,1,[],[],0,0,29,154.2,178,NaN,133.8,133.8,495,32.72
4626041247,Afternoon Activity,0,1899,0,Functional-Cardio Workout,2021-01-15,0,1,[],[],0,0,28,146.2,183,NaN,136.2,132.8,441,31.65
4620671164,Lunch Activity,0,3221,0,Functional-Cardio Workout,2021-01-14,0,1,[],[],0,0,31,125,184,NaN,131.4,127.4,576,53.68
4616918075,Afternoon Activity,0,1873,0,Yoga,2021-01-13,0,1,[],[],0,0,24,86.6,114,NaN,NaN,NaN,154,31.22
4612179691,Afternoon Activity,0,781,0,Functional-Cardio Workout,2021-01-12,0,1,[],[],0,0,25,162.5,195,NaN,127.4,127.4,213,13.02
4603864941,Morning Activity,0,2626,0,Functional-Cardio Workout,2021-01-11,0,1,[],[],0,0,23,137,172,NaN,127.4,127.4,549,43.77
4601727285,Evening Activity,0,1501,0,Functional-Cardio Workout,2021-01-11,0,1,[],[],0,0,23,147,179,NaN,125.2,125.2,352,25.02
4595027697,Afternoon Activity,0,2784,0,Functional-Cardio Workout,2021-01-09,0,1,[],[],0,0,27,139.5,175,NaN,127,127,600,46.4
4589564300,Evening Activity,0,2648,0,Functional-Cardio Workout,2021-01-09,0,1,[],[],0,0,27,136.8,180,NaN,127.4,127.4,552,44.13
4584977254,Evening Activity,0,2515,0,WeightTraining,2021-01-08,0,1,[],[],0,0,29,138.6,175,NaN,NaN,NaN,536,41.92
4579063556,Afternoon Activity,0,2241,0,WeightTraining,2021-01-06,0,1,[],[],0,0,30,146.9,168,NaN,NaN,NaN,524,37.35
4573463381,Afternoon Activity,0,2019,0,WeightTraining,2021-01-05,0,1,[],[],0,0,28,123.8,160,NaN,NaN,NaN,355,33.65
4565923712,Morning Activity,0,1776,0,Functional-Cardio Workout,2021-01-04,0,1,[],[],0,0,21,136.4,176,NaN,127.4,127.4,369,29.6
4551706506,Evening Activity,0,1958,0,Functional-Cardio Workout,2021-01-02,0,1,[],[],0,0,23,153.5,179,NaN,75.8,75.8,491,32.63
4545915819,Lunch Activity,0,1969,0,Functional-Cardio Workout,2020-12-31,0,1,[],[],0,0,21,119,164,NaN,92.4,89.4,323,32.82
4536718987,Afternoon Activity,0,1609,0,WeightTraining,2020-12-29,0,1,[],[],0,0,28,96.4,147,NaN,NaN,NaN,172,26.82
4517342532,Afternoon Activity,0,2330,0,WeightTraining,2020-12-25,0,1,[],[],0,0,29,143.7,162,NaN,NaN,NaN,526,38.83
4513706567,Afternoon Activity,0,933,0,Yoga,2020-12-24,0,1,[],[],0,0,29,93.3,110,NaN,NaN,NaN,93,15.55
4509937522,Afternoon Activity,0,2843,0,Functional-Cardio Workout,2020-12-23,0,1,[],[],0,0,31,147,181,NaN,127.4,127.4,666,47.38
4506326857,Afternoon Activity,0,1375,0,Functional-Cardio Workout,2020-12-22,0,1,[],[],0,0,30,152.7,179,NaN,127.4,127.4,342,22.92
4501972950,Afternoon Activity,0,2408,0,WeightTraining,2020-12-21,0,1,[],[],0,0,29,138.8,169,NaN,NaN,NaN,514,40.13
4498529130,Evening Activity,0,1741,0,Functional-Cardio Workout,2020-12-21,0,1,[],[],0,0,28,153.2,185,NaN,127.4,127.4,435,29.02
4492718676,Afternoon Activity,0,1854,0,WeightTraining,2020-12-19,0,1,[],[],0,0,31,154.9,177,NaN,NaN,NaN,471,30.9
4484917666,Afternoon Activity,0,748,0,WeightTraining,2020-12-17,0,1,[],[],0,0,29,135.3,148,NaN,NaN,NaN,153,12.47
4479520037,Morning Activity,0,792,0,WeightTraining,2020-12-16,0,1,[],[],0,0,24,152.5,176,NaN,NaN,NaN,196,13.2
4476585460,Lunch Ride,0,3602,0,Ride,2020-12-15,0,1,[],[],0,0,29,140.5,170,NaN,NaN,NaN,785,60.03
4472934653,Afternoon Activity,0,1771,0,WeightTraining,2020-12-14,0,1,[],[],0,0,26,129,152,NaN,NaN,NaN,335,29.52
4472843503,Afternoon Activity,0,377,0,Functional-Cardio Workout,2020-12-14,0,1,[],[],0,0,27,144.2,162,NaN,127.4,127.4,86,6.28
4468614284,Lunch Activity,0,1046,0,Functional-Cardio Workout,2020-12-13,0,1,[],[],0,0,33,161.9,180,NaN,118.4,118.4,284,17.43
4468614083,Morning Ride,10.89,6156,51,Ride,2020-12-13,0,1,"[27.426067, -99.508262]","[27.37754, -99.500949]",3.686,7.3,27,127.9,164,NaN,122.2,104.8,1146,102.6
4464258507,Afternoon Activity,0,1288,0,WeightTraining,2020-12-12,0,1,[],[],0,0,30,133,146,NaN,NaN,NaN,256,21.47
4464175522,Afternoon Ride,0,2877,0,Ride,2020-12-12,0,1,[],[],0,0,29,131.3,157,NaN,NaN,NaN,560,47.95
4447470450,Afternoon Ride,0,3211,0,Ride,2020-12-08,0,1,[],[],0,0,29,133.3,169,NaN,NaN,NaN,641,53.52
4443800257,Afternoon Activity,0,317,0,WeightTraining,2020-12-07,0,1,[],[],0,0,31,126.2,139,NaN,NaN,NaN,58,5.28
4443766710,Afternoon Activity,0,2234,0,Functional-Cardio Workout,2020-12-07,0,1,[],[],0,0,28,141.6,178,NaN,84.4,84.4,493,37.23
4433872817,Lunch Activity,0,1893,0,Functional-Cardio Workout,2020-12-05,0,1,[],[],0,0,25,144.3,175,NaN,143.8,143.8,430,31.55
4428490221,Morning Activity,0,2002,0,Functional-Cardio Workout,2020-12-04,0,1,[],[],0,0,20,147.7,170,NaN,137.6,137.6,472,33.37
4426687692,Afternoon Activity,0,1333,0,Functional-Cardio Workout,2020-12-03,0,1,[],[],0,0,22,156.6,184,NaN,139,139,344,22.22
4416547886,Morning Run,6.73,3222,44,Run,2020-12-01,0,1,"[27.466996, -99.505787]","[27.467224, -99.506721]",2.104,4.4,21,141.3,164,75.6,151.6,127.4,708,53.7
4414219567,Evening Activity,0,1376,0,WeightTraining,2020-12-01,0,1,[],[],0,0,26,141.2,169,NaN,NaN,NaN,302,22.93
4410131989,Afternoon Activity,0,2849,0,WeightTraining,2020-11-29,0,1,[],[],0,0,27,109.4,140,NaN,NaN,NaN,398,47.48
4403171889,Morning Activity,0,1917,0,WeightTraining,2020-11-28,0,1,[],[],0,0,27,151.1,170,NaN,NaN,NaN,469,31.95
4402983140,Morning Activity,0,248,0,Functional-Cardio Workout,2020-11-28,0,1,[],[],0,0,28,121.6,139,NaN,77,77,42,4.13
4395781145,Evening Activity,0,155,0,Functional-Cardio Workout,2020-11-27,0,1,[],[],0,0,33,135.9,151,NaN,110.8,110.8,32,2.58
4395762133,Afternoon Activity,0,2446,0,WeightTraining,2020-11-26,0,1,[],[],0,0,32,129.4,160,NaN,NaN,NaN,465,40.77
4395672341,Afternoon Activity,0,671,0,Functional-Cardio Workout,2020-11-26,0,1,[],[],0,0,31,143.2,164,NaN,110,110,151,11.18
4388621298,Morning Run,10.34,4280,28,Run,2020-11-25,0,1,"[27.467551, -99.506496]","[27.466872, -99.505898]",2.417,3.7,21,164,184,84.7,127.4,101.8,1185,71.33
4386058345,Afternoon Activity,0,2134,0,WeightTraining,2020-11-24,0,1,[],[],0,0,33,134.7,158,NaN,NaN,NaN,434,35.57
4385898009,Afternoon Activity,0,544,0,Functional-Cardio Workout,2020-11-24,0,1,[],[],0,0,34,156.4,174,NaN,132.8,132.8,140,9.07
4381362900,Afternoon Run,0,609,0,Run,2020-11-23,0,1,[],[],0,0,NaN,NaN,NaN,NaN,NaN,NaN,NaN,10.15
4381303295,Afternoon Run,0,530,0,Run,2020-11-23,0,1,[],[],0,0,NaN,NaN,NaN,NaN,NaN,NaN,NaN,8.83
4376927496,Lunch Run,14.64,7467,56.8,Run,2020-11-22,0,1,"[27.467306, -99.505853]","[27.465055, -99.48844]",2.075,4.3,31,NaN,NaN,77,136.6,115.2,NaN,124.45
4364591178,Morning Run,0,530,0,Run,2020-11-20,0,1,[],[],0,0,NaN,NaN,NaN,NaN,NaN,NaN,NaN,8.83
4364471732,Morning Run,9.96,4396,35.6,Run,2020-11-20,0,1,"[27.46752, -99.506663]","[27.46697, -99.5059]",2.266,3.7,21,NaN,NaN,83.6,127.2,114,NaN,73.27
4361668103,Afternoon Run,0,1004,0,Run,2020-11-19,0,1,[],[],0,0,NaN,NaN,NaN,NaN,NaN,NaN,NaN,16.73
4280596333,Morning Run,10.01,4581,50.7,Run,2020-11-03,0,1,"[27.467739, -99.506467]","[27.467083, -99.505913]",2.207,4.6,NaN,NaN,NaN,NaN,130.6,111.5,NaN,76.35
4262058950,Morning Run,13.39,6465,46.7,Run,2020-10-30,0,1,"[27.467614, -99.506706]","[27.466974, -99.506708]",2.078,4.4,NaN,NaN,NaN,NaN,130.6,112,NaN,107.75
4224257664,Morning Run,8.02,4053,45.1,Run,2020-10-21,0,1,"[27.467693, -99.505843]","[27.467276, -99.506686]",1.99,4.7,NaN,NaN,NaN,NaN,130.2,111.3,NaN,67.55
4215572416,Morning Run,3.51,1370,2.8,Run,2020-10-19,0,1,"[27.467284, -99.505934]","[27.466835, -99.505785]",2.57,4.2,NaN,NaN,NaN,NaN,126.6,120.4,NaN,22.83
4192009064,Evening Run,4.06,1954,14.7,Run,2020-10-14,0,1,"[27.467697, -99.506137]","[27.467778, -99.507537]",2.172,5,NaN,NaN,NaN,NaN,130.6,120.9,NaN,32.57
4132992629,Morning Run,4.94,2195,21,Run,2020-09-30,1,1,"[27.467806, -99.506665]","[27.474592, -99.506751]",2.454,9.1,NaN,NaN,NaN,NaN,132.1,120.9,NaN,36.58
3557682383,Best run in a while,3.74,1633,3.5,Run,2020-06-03,0,1,"[27.467351, -99.506283]","[27.466867, -99.506561]",2.31,7.8,NaN,NaN,NaN,NaN,124.7,120.3,NaN,27.22
3547418838,Morning Run,3.8,1809,3.7,Run,2020-06-01,0,1,"[27.467316, -99.505939]","[27.46671, -99.50669]",2.132,4.5,NaN,NaN,NaN,NaN,127,120.3,NaN,30.15
3517497833,Evening Run,3.57,1735,4.2,Run,2020-05-26,0,1,"[27.46725, -99.505905]","[27.467154, -99.505893]",2.061,4.9,NaN,NaN,NaN,NaN,125.7,120.4,NaN,28.92
3516568449,Afternoon Ride,10.64,2310,13.9,Ride,2020-05-26,0,1,"[27.484089, -99.508577]","[27.483884, -99.508626]",4.695,10.8,NaN,NaN,NaN,NaN,131.3,119.2,NaN,38.5
3509004014,Morning Run,4.43,2175,15.6,Run,2020-05-25,0,1,"[27.466956, -99.506607]","[27.467437, -99.506648]",2.065,4.7,NaN,NaN,NaN,NaN,130.2,120.4,NaN,36.25
3496090180,Finished Thesis,3.45,1958,3.9,Run,2020-05-23,0,1,"[27.466581, -99.505082]","[27.467184, -99.505856]",1.832,4.8,NaN,NaN,NaN,NaN,125.9,120.4,NaN,32.63
3483200309,Morning Run,4.3,2328,12.9,Run,2020-05-20,0,1,"[27.467594, -99.506239]","[27.468135, -99.506834]",1.976,7.4,NaN,NaN,NaN,NaN,130.2,120.4,NaN,38.8